,,fsi_total,fsi_total,fsi_total,fsi_total,aligned_frp_sum,aligned_frp_sum,aligned_frp_sum,aligned_frp_sum,upwind_frp_sum,upwind_frp_sum,upwind_frp_sum,upwind_frp_sum
,,count,mean,median,max,count,mean,median,max,count,mean,median,max
year,station,,,,,,,,,,,,
2018,Palmerston,363,61.27007864484112,8.631697132631153,732.7383764754543,363,5815.33210652992,1005.0672825542448,75188.48656508604,363,5165.986501377411,268.19999999999993,71168.51000000001
2018,Stokes Hill,363,46.125095958671174,2.58710848884951,1251.4824586383818,363,3843.2323100472386,583.8871806148408,72694.48842343508,363,3210.7318181818177,87.83000000000001,67292.69
2018,Winnellie,363,116.01293926921295,8.099945307677066,2282.8696221788314,363,5398.140288868272,842.5650016339448,77689.50327373602,363,4446.742782369146,132.39,73689.82999999999
2019,Palmerston,365,57.102406801158246,30.6351003325821,821.2428904554188,365,4586.61888607545,2647.7453121276303,69122.47820075687,365,3215.8154794520547,893.1099999999999,56981.75
2019,Stokes Hill,365,65.52831178696901,17.89915071562074,849.9629520854116,365,4634.984043996093,1643.5880146495679,41663.50609879974,365,3779.1809589041095,844.2199999999999,38273.880000000005
2019,Winnellie,365,106.98675960755523,26.660690271537682,1244.3365331103669,365,4793.386682193807,1166.6827875840859,35748.58948719292,365,3840.980904109589,490.1500000000001,39250.729999999996
2020,Palmerston,366,54.129446382981115,4.635204958999008,450.1700763830327,366,3864.0085758621954,390.09358502930604,34243.416069744395,366,3533.9140983606558,179.89999999999998,31823.940000000002
2020,Stokes Hill,366,47.97960200629957,2.0086580626800252,440.93118549295866,366,3267.2208689796657,331.06385892242906,33296.75726118923,366,2687.9615300546448,79.23,31278.28
2020,Winnellie,366,84.95552952899766,3.1171970530588338,700.0374790498279,366,3492.9956516378065,195.47859429708978,33859.44241442063,366,3024.6678961748635,42.365,31638.53
2021,Palmerston,365,50.147043253905295,6.341316270354081,600.762607028656,365,4198.366644421319,893.5845716213339,43392.73104084133,365,3419.840739726027,154.07999999999998,37203.65
2021,Stokes Hill,365,28.06455203914139,0.3387506908877982,349.27582022651904,365,1737.733045924802,32.21993663145033,22695.701551573693,365,1396.3086575342465,0.0,25872.32
2021,Winnellie,365,83.70128752466881,2.6108686379316373,1621.4220007296326,365,3644.8883557865875,96.92521130413098,39685.65777405811,365,2867.7817534246574,6.890000000000001,33799.490000000005
2022,Palmerston,345,43.1177314901904,3.852027546757383,512.8422331833808,345,3919.544204181721,594.0367638327431,34004.45146835937,345,3188.7390144927535,175.95999999999998,33528.84
2022,Stokes Hill,345,69.66127473528964,4.475088748275265,733.912930927879,345,4379.367248235235,736.98193992933,42653.5187766381,345,3277.7313623188406,171.69000000000003,38368.11
2022,Winnellie,345,33.63357334663378,0.0,575.2761982456342,345,1683.8965176897505,0.0,23631.22825752319,345,1117.5854492753622,0.0,21943.57
2023,Palmerston,361,63.33139994386482,16.126130724571365,509.68853705994536,361,4896.132361604215,1110.5968905383381,42862.43108585899,361,4329.337867036011,561.7700000000001,36089.02
2023,Stokes Hill,361,84.3433029121284,13.262186294120209,851.8590714769924,361,4205.277331783461,1028.4200162264701,44543.1304074815,361,3358.346537396122,376.1600000000001,44137.46
2023,Winnellie,361,107.5602578378689,17.465355016910493,978.0519554806287,361,4383.700910702052,556.6008539731616,45419.51768791887,361,3760.638698060942,246.94999999999996,38721.909999999996
2024,Palmerston,336,44.449070295340555,6.6208281822929225,483.4564856519104,336,4198.046657359903,598.2194955820291,38140.81398619141,336,3751.8333035714286,209.255,39546.68
2024,Stokes Hill,336,56.0389901428819,6.031298714698719,865.7735701638192,336,4489.302620557597,646.8904388373305,44623.55467359992,336,3538.227172619048,296.55500000000006,39497.100000000006
2024,Winnellie,336,51.64512923545017,0.0,1015.1186441219105,336,2379.033464726556,0.0,36703.16909151794,336,1936.3250297619047,0.0,31847.739999999998
