date,target_date,station,target_pm25_over_25_next_day,predicted_probability,predicted_class,false_negative
2023-12-31,2024-01-01,Palmerston,0,0.0055580677256544635,0,0
2024-01-01,2024-01-02,Palmerston,0,0.009063090619352477,0,0
2024-01-02,2024-01-03,Palmerston,0,0.030079827270989453,0,0
2024-01-03,2024-01-04,Palmerston,0,0.006318193615960236,0,0
2024-01-04,2024-01-05,Palmerston,0,0.01791753917766409,0,0
2024-01-05,2024-01-06,Palmerston,0,0.008591620576052922,0,0
2024-01-06,2024-01-07,Palmerston,0,0.004321055243268929,0,0
2024-01-07,2024-01-08,Palmerston,0,0.018986008065400354,0,0
2024-01-09,2024-01-10,Palmerston,0,0.007991720272794014,0,0
2024-01-10,2024-01-11,Palmerston,0,0.0020176266669550227,0,0
2024-01-11,2024-01-12,Palmerston,0,0.003180684036466416,0,0
2024-01-14,2024-01-15,Palmerston,0,0.01061747295408389,0,0
2024-01-15,2024-01-16,Palmerston,0,0.009237184794770953,0,0
2024-01-16,2024-01-17,Palmerston,0,0.00589262839541285,0,0
2024-01-17,2024-01-18,Palmerston,0,0.00834320014684489,0,0
2024-01-18,2024-01-19,Palmerston,0,0.008206238692914902,0,0
2024-01-19,2024-01-20,Palmerston,0,0.006536599677873871,0,0
2024-01-20,2024-01-21,Palmerston,0,0.006276747745285276,0,0
2024-01-21,2024-01-22,Palmerston,0,0.006744914262169071,0,0
2024-01-22,2024-01-23,Palmerston,0,0.0075410624101961195,0,0
2024-01-23,2024-01-24,Palmerston,0,0.011671110239738968,0,0
2024-01-24,2024-01-25,Palmerston,0,0.004446248914299733,0,0
2024-02-06,2024-02-07,Palmerston,0,0.02776469897198044,0,0
2024-02-08,2024-02-09,Palmerston,0,0.01975872880040657,0,0
2024-02-09,2024-02-10,Palmerston,0,0.0030514175111266027,0,0
2024-02-10,2024-02-11,Palmerston,0,0.006851929490738089,0,0
2024-02-12,2024-02-13,Palmerston,0,0.0071333320712662,0,0
2024-02-15,2024-02-16,Palmerston,0,0.019481037193327787,0,0
2024-02-19,2024-02-20,Palmerston,0,0.013993016680318543,0,0
2024-02-20,2024-02-21,Palmerston,0,0.013844995968852667,0,0
2024-02-21,2024-02-22,Palmerston,0,0.012474123439649865,0,0
2024-02-22,2024-02-23,Palmerston,0,0.014283330932359615,0,0
2024-02-23,2024-02-24,Palmerston,0,0.01774961516559206,0,0
2024-02-24,2024-02-25,Palmerston,0,0.008044902764505089,0,0
2024-02-25,2024-02-26,Palmerston,0,0.005716963967533049,0,0
2024-02-27,2024-02-28,Palmerston,0,0.004826554119274602,0,0
2024-02-28,2024-02-29,Palmerston,0,0.01078024113874308,0,0
2024-02-29,2024-03-01,Palmerston,0,0.005043249839026499,0,0
2024-03-01,2024-03-02,Palmerston,0,0.006432051497100115,0,0
2024-03-02,2024-03-03,Palmerston,0,0.005555468254000346,0,0
2024-03-03,2024-03-04,Palmerston,0,0.008158671811215457,0,0
2024-03-04,2024-03-05,Palmerston,0,0.006688030482920053,0,0
2024-03-05,2024-03-06,Palmerston,0,0.005283009445286259,0,0
2024-03-06,2024-03-07,Palmerston,0,0.005786033502059485,0,0
2024-03-07,2024-03-08,Palmerston,0,0.006153583810404211,0,0
2024-03-09,2024-03-10,Palmerston,0,0.010042611945518224,0,0
2024-03-13,2024-03-14,Palmerston,0,0.010296276672546975,0,0
2024-03-14,2024-03-15,Palmerston,0,0.009784630138704403,0,0
2024-03-15,2024-03-16,Palmerston,0,0.009690519215678182,0,0
2024-03-16,2024-03-17,Palmerston,0,0.01147791928294968,0,0
2024-03-17,2024-03-18,Palmerston,0,0.009659608704791647,0,0
2024-03-18,2024-03-19,Palmerston,0,0.01002180601019698,0,0
2024-03-19,2024-03-20,Palmerston,0,0.014271599337139597,0,0
2024-03-20,2024-03-21,Palmerston,0,0.00885588352826484,0,0
2024-03-21,2024-03-22,Palmerston,0,0.006590857438358675,0,0
2024-03-22,2024-03-23,Palmerston,0,0.008152082397574357,0,0
2024-03-23,2024-03-24,Palmerston,0,0.009675287176497748,0,0
2024-03-24,2024-03-25,Palmerston,0,0.019682768669216897,0,0
2024-03-25,2024-03-26,Palmerston,0,0.013745107606126676,0,0
2024-03-26,2024-03-27,Palmerston,0,0.012767421689896256,0,0
2024-04-15,2024-04-16,Palmerston,0,0.11016754319946744,0,0
2024-04-16,2024-04-17,Palmerston,0,0.0366366623818988,0,0
2024-04-18,2024-04-19,Palmerston,0,0.04444710075216166,0,0
2024-04-19,2024-04-20,Palmerston,0,0.04055553030482678,0,0
2024-04-20,2024-04-21,Palmerston,0,0.14037924715357314,0,0
2024-04-21,2024-04-22,Palmerston,0,0.13040464411739422,0,0
2024-04-22,2024-04-23,Palmerston,0,0.057401395626776944,0,0
2024-04-23,2024-04-24,Palmerston,0,0.022507494979167705,0,0
2024-04-24,2024-04-25,Palmerston,0,0.018462526200818733,0,0
2024-04-25,2024-04-26,Palmerston,0,0.026127150956942274,0,0
2024-04-26,2024-04-27,Palmerston,0,0.03277140489536228,0,0
2024-04-27,2024-04-28,Palmerston,0,0.10291542270228615,0,0
2024-04-28,2024-04-29,Palmerston,0,0.135780089986118,0,0
2024-04-29,2024-04-30,Palmerston,0,0.04403320878766074,0,0
2024-04-30,2024-05-01,Palmerston,0,0.04949466216576938,0,0
2024-05-01,2024-05-02,Palmerston,0,0.09016238993984568,0,0
2024-05-02,2024-05-03,Palmerston,0,0.17146942498474974,0,0
2024-05-03,2024-05-04,Palmerston,0,0.20318860972846906,0,0
2024-05-04,2024-05-05,Palmerston,0,0.18237082481111988,0,0
2024-05-05,2024-05-06,Palmerston,0,0.20076946674001164,0,0
2024-05-06,2024-05-07,Palmerston,0,0.2674677361389724,0,0
2024-05-07,2024-05-08,Palmerston,0,0.32781175798629153,0,0
2024-05-08,2024-05-09,Palmerston,0,0.23000087984388756,0,0
2024-05-09,2024-05-10,Palmerston,0,0.17902329557728638,0,0
2024-05-10,2024-05-11,Palmerston,0,0.1729277902562286,0,0
2024-05-11,2024-05-12,Palmerston,0,0.8253858368075998,0,0
2024-05-12,2024-05-13,Palmerston,0,0.4086192296879513,0,0
2024-05-13,2024-05-14,Palmerston,0,0.24520305772870257,0,0
2024-05-14,2024-05-15,Palmerston,0,0.44578496655791505,0,0
2024-05-20,2024-05-21,Palmerston,0,0.30524098183423837,0,0
2024-05-21,2024-05-22,Palmerston,1,0.8407549191949285,0,1
2024-05-22,2024-05-23,Palmerston,0,0.8218786645994398,0,0
2024-05-23,2024-05-24,Palmerston,0,0.6234002711733716,0,0
2024-05-24,2024-05-25,Palmerston,0,0.2931820488175912,0,0
2024-05-25,2024-05-26,Palmerston,0,0.15559644657954166,0,0
2024-05-26,2024-05-27,Palmerston,0,0.25245967179075185,0,0
2024-05-27,2024-05-28,Palmerston,0,0.4913036050040291,0,0
2024-05-28,2024-05-29,Palmerston,0,0.45063600683945815,0,0
2024-05-29,2024-05-30,Palmerston,0,0.1375972783888722,0,0
2024-06-05,2024-06-06,Palmerston,0,0.5109502636489237,0,0
2024-06-06,2024-06-07,Palmerston,0,0.75886867596681,0,0
2024-06-07,2024-06-08,Palmerston,1,0.9216177018947382,1,0
2024-06-08,2024-06-09,Palmerston,0,0.9691835393728441,1,0
2024-06-09,2024-06-10,Palmerston,0,0.7825145093311079,0,0
2024-06-10,2024-06-11,Palmerston,0,0.445709122324621,0,0
2024-06-11,2024-06-12,Palmerston,0,0.49103336549783755,0,0
2024-06-13,2024-06-14,Palmerston,0,0.5312647535540157,0,0
2024-06-14,2024-06-15,Palmerston,0,0.7222951719064333,0,0
2024-06-15,2024-06-16,Palmerston,0,0.7811221546798717,0,0
2024-06-16,2024-06-17,Palmerston,0,0.8091259854018293,0,0
2024-06-17,2024-06-18,Palmerston,1,0.8557877646053682,0,1
2024-06-18,2024-06-19,Palmerston,0,0.9380625940850036,1,0
2024-06-19,2024-06-20,Palmerston,1,0.9220667214609426,1,0
2024-06-20,2024-06-21,Palmerston,1,0.8726013532343945,1,0
2024-06-21,2024-06-22,Palmerston,0,0.9682185109555036,1,0
2024-06-22,2024-06-23,Palmerston,0,0.8783211299945399,1,0
2024-06-27,2024-06-28,Palmerston,0,0.4929411567098785,0,0
2024-06-28,2024-06-29,Palmerston,0,0.2103544916105629,0,0
2024-06-29,2024-06-30,Palmerston,0,0.4808666482120528,0,0
2024-06-30,2024-07-01,Palmerston,0,0.323642892658581,0,0
2024-07-01,2024-07-02,Palmerston,0,0.4867029297671372,0,0
2024-07-02,2024-07-03,Palmerston,0,0.5464897010798523,0,0
2024-07-03,2024-07-04,Palmerston,0,0.680436613647073,0,0
2024-07-04,2024-07-05,Palmerston,0,0.9226336633088801,1,0
2024-07-05,2024-07-06,Palmerston,1,0.6928100470818411,0,1
2024-07-06,2024-07-07,Palmerston,0,0.7714933165950136,0,0
2024-07-07,2024-07-08,Palmerston,0,0.4757256606934132,0,0
2024-07-08,2024-07-09,Palmerston,0,0.2370253132542103,0,0
2024-07-09,2024-07-10,Palmerston,0,0.36681742288357894,0,0
2024-07-17,2024-07-18,Palmerston,0,0.9322967342026108,1,0
2024-07-18,2024-07-19,Palmerston,0,0.9727402121596043,1,0
2024-07-19,2024-07-20,Palmerston,0,0.8813720922679367,1,0
2024-07-20,2024-07-21,Palmerston,1,0.6436655133473435,0,1
2024-07-21,2024-07-22,Palmerston,0,0.9752513279720976,1,0
2024-07-30,2024-07-31,Palmerston,0,0.7597979160367871,0,0
2024-07-31,2024-08-01,Palmerston,0,0.41579020771093034,0,0
2024-08-01,2024-08-02,Palmerston,0,0.6388500016672921,0,0
2024-08-02,2024-08-03,Palmerston,0,0.494086373097965,0,0
2024-08-03,2024-08-04,Palmerston,0,0.40315009866274953,0,0
2024-08-04,2024-08-05,Palmerston,0,0.3766234922007585,0,0
2024-08-05,2024-08-06,Palmerston,0,0.3007715238268384,0,0
2024-08-06,2024-08-07,Palmerston,0,0.6861753090274659,0,0
2024-08-07,2024-08-08,Palmerston,0,0.8297312154170684,0,0
2024-08-08,2024-08-09,Palmerston,0,0.7770778115505967,0,0
2024-08-13,2024-08-14,Palmerston,0,0.40628895202198023,0,0
2024-08-14,2024-08-15,Palmerston,0,0.4236884093417663,0,0
2024-08-15,2024-08-16,Palmerston,0,0.2870932835286843,0,0
2024-08-16,2024-08-17,Palmerston,0,0.9529953974419981,1,0
2024-08-17,2024-08-18,Palmerston,0,0.707234823064993,0,0
2024-08-18,2024-08-19,Palmerston,0,0.4641899738559276,0,0
2024-08-19,2024-08-20,Palmerston,0,0.39580941677328113,0,0
2024-08-20,2024-08-21,Palmerston,0,0.566276266683857,0,0
2024-08-21,2024-08-22,Palmerston,0,0.7827977707914544,0,0
2024-08-22,2024-08-23,Palmerston,0,0.11200976405739269,0,0
2024-08-23,2024-08-24,Palmerston,0,0.28612681273428164,0,0
2024-08-24,2024-08-25,Palmerston,0,0.1269601567559968,0,0
2024-08-27,2024-08-28,Palmerston,0,0.3688491035259876,0,0
2024-08-28,2024-08-29,Palmerston,0,0.3579540597239033,0,0
2024-08-29,2024-08-30,Palmerston,0,0.19724666246422332,0,0
2024-08-30,2024-08-31,Palmerston,0,0.09721937074730412,0,0
2024-08-31,2024-09-01,Palmerston,0,0.11187833963145065,0,0
2024-09-01,2024-09-02,Palmerston,0,0.12310580317086804,0,0
2024-09-02,2024-09-03,Palmerston,1,0.11189447017701427,0,1
2024-09-03,2024-09-04,Palmerston,0,0.9809888025342719,1,0
2024-09-04,2024-09-05,Palmerston,0,0.047311261762821376,0,0
2024-09-05,2024-09-06,Palmerston,0,0.39154215106952944,0,0
2024-09-06,2024-09-07,Palmerston,0,0.25113908665663576,0,0
2024-09-07,2024-09-08,Palmerston,0,0.15616310203243386,0,0
2024-09-08,2024-09-09,Palmerston,0,0.7353467655483328,0,0
2024-09-09,2024-09-10,Palmerston,0,0.5883498540942682,0,0
2024-09-10,2024-09-11,Palmerston,0,0.32342486589396463,0,0
2024-09-11,2024-09-12,Palmerston,0,0.4287211278329666,0,0
2024-09-12,2024-09-13,Palmerston,1,0.5394237855437721,0,1
2024-09-13,2024-09-14,Palmerston,1,0.9083519013499055,1,0
2024-09-14,2024-09-15,Palmerston,0,0.6868959576603607,0,0
2024-09-15,2024-09-16,Palmerston,0,0.23958226613759462,0,0
2024-09-16,2024-09-17,Palmerston,0,0.2533270966353309,0,0
2024-09-17,2024-09-18,Palmerston,0,0.20648701543809686,0,0
2024-09-18,2024-09-19,Palmerston,0,0.14639677931380052,0,0
2024-09-19,2024-09-20,Palmerston,0,0.05366714459579777,0,0
2024-09-20,2024-09-21,Palmerston,0,0.05375211607945661,0,0
2024-09-21,2024-09-22,Palmerston,0,0.04342046409490251,0,0
2024-09-22,2024-09-23,Palmerston,0,0.1492364379836325,0,0
2024-09-23,2024-09-24,Palmerston,0,0.10035472662199325,0,0
2024-09-24,2024-09-25,Palmerston,0,0.06589525685916421,0,0
2024-09-25,2024-09-26,Palmerston,0,0.08746143121114523,0,0
2024-09-29,2024-09-30,Palmerston,0,0.16916926979383007,0,0
2024-09-30,2024-10-01,Palmerston,0,0.3057258367399134,0,0
2024-10-01,2024-10-02,Palmerston,0,0.3218044288917526,0,0
2024-10-02,2024-10-03,Palmerston,0,0.25759993877799686,0,0
2024-10-03,2024-10-04,Palmerston,0,0.283330934809543,0,0
2024-10-04,2024-10-05,Palmerston,0,0.1893494417570906,0,0
2024-10-05,2024-10-06,Palmerston,0,0.14053306480217356,0,0
2024-10-06,2024-10-07,Palmerston,0,0.1571619429803013,0,0
2024-10-07,2024-10-08,Palmerston,0,0.37873024653190834,0,0
2024-10-08,2024-10-09,Palmerston,0,0.11278815354777025,0,0
2024-10-09,2024-10-10,Palmerston,0,0.11869885205657885,0,0
2024-10-10,2024-10-11,Palmerston,0,0.17709055370927854,0,0
2024-10-11,2024-10-12,Palmerston,0,0.2014656297261935,0,0
2024-10-12,2024-10-13,Palmerston,0,0.14379755324254276,0,0
2024-10-13,2024-10-14,Palmerston,0,0.12590732697456322,0,0
2024-10-14,2024-10-15,Palmerston,0,0.15688670707504052,0,0
2024-10-15,2024-10-16,Palmerston,0,0.07308961467020286,0,0
2024-10-16,2024-10-17,Palmerston,0,0.11706502502766251,0,0
2024-10-17,2024-10-18,Palmerston,0,0.07340893294916,0,0
2024-10-18,2024-10-19,Palmerston,0,0.0798027367854707,0,0
2024-10-19,2024-10-20,Palmerston,0,0.09809765547717385,0,0
2024-10-20,2024-10-21,Palmerston,0,0.04705089524340862,0,0
2024-10-21,2024-10-22,Palmerston,0,0.08715007940179292,0,0
2024-10-22,2024-10-23,Palmerston,0,0.04940455805525861,0,0
2024-10-23,2024-10-24,Palmerston,0,0.05087403238238001,0,0
2024-10-24,2024-10-25,Palmerston,0,0.08405332533793478,0,0
2024-10-25,2024-10-26,Palmerston,0,0.06368589470215365,0,0
2024-10-26,2024-10-27,Palmerston,0,0.06252917836091669,0,0
2024-10-27,2024-10-28,Palmerston,0,0.07665680185308549,0,0
2024-10-28,2024-10-29,Palmerston,0,0.09573170168282498,0,0
2024-10-29,2024-10-30,Palmerston,0,0.0966300389553217,0,0
2024-10-30,2024-10-31,Palmerston,0,0.04147238308452364,0,0
2024-10-31,2024-11-01,Palmerston,0,0.054848818646999364,0,0
2024-11-01,2024-11-02,Palmerston,0,0.009450757909752482,0,0
2024-11-02,2024-11-03,Palmerston,0,0.023871883428025927,0,0
2024-11-07,2024-11-08,Palmerston,0,0.02219662183588443,0,0
2024-11-08,2024-11-09,Palmerston,0,0.01885529206852597,0,0
2024-11-09,2024-11-10,Palmerston,0,0.02957677483793643,0,0
2024-11-11,2024-11-12,Palmerston,0,0.04470244252993314,0,0
2024-11-12,2024-11-13,Palmerston,0,0.05068524168612785,0,0
2024-11-13,2024-11-14,Palmerston,0,0.04032707405777338,0,0
2024-11-14,2024-11-15,Palmerston,0,0.037195568424992026,0,0
2024-11-15,2024-11-16,Palmerston,0,0.03089315184537882,0,0
2024-11-16,2024-11-17,Palmerston,0,0.023685575892321745,0,0
2024-11-17,2024-11-18,Palmerston,0,0.022541145258653392,0,0
2024-11-20,2024-11-21,Palmerston,0,0.033402215578911196,0,0
2024-11-21,2024-11-22,Palmerston,0,0.016489267950076884,0,0
2024-11-22,2024-11-23,Palmerston,0,0.024683020851826176,0,0
2024-11-23,2024-11-24,Palmerston,0,0.008021873841403022,0,0
2024-11-24,2024-11-25,Palmerston,0,0.023146995136559323,0,0
2024-11-27,2024-11-28,Palmerston,0,0.012893522963795687,0,0
2024-11-28,2024-11-29,Palmerston,0,0.01607486790758208,0,0
2024-11-29,2024-11-30,Palmerston,0,0.03207763805750894,0,0
2024-11-30,2024-12-01,Palmerston,0,0.003906483618481523,0,0
2024-12-01,2024-12-02,Palmerston,0,0.0034052388972505483,0,0
2024-12-02,2024-12-03,Palmerston,0,0.0040959237084878895,0,0
2024-12-03,2024-12-04,Palmerston,0,0.0048829606079963395,0,0
2024-12-04,2024-12-05,Palmerston,0,0.003682388875239899,0,0
2024-12-05,2024-12-06,Palmerston,0,0.0035863325358684132,0,0
2024-12-06,2024-12-07,Palmerston,0,0.003396643917409006,0,0
2024-12-08,2024-12-09,Palmerston,0,0.007537913600004489,0,0
2024-12-09,2024-12-10,Palmerston,0,0.005435400532201744,0,0
2024-12-10,2024-12-11,Palmerston,0,0.0031846382388022376,0,0
2024-12-11,2024-12-12,Palmerston,0,0.004965978111626111,0,0
2024-12-12,2024-12-13,Palmerston,0,0.00224475286334936,0,0
2024-12-13,2024-12-14,Palmerston,0,0.002580690279910774,0,0
2024-12-14,2024-12-15,Palmerston,0,0.0040382084970009375,0,0
2024-12-15,2024-12-16,Palmerston,0,0.003852456550283277,0,0
2024-12-16,2024-12-17,Palmerston,0,0.004264926976893379,0,0
2024-12-17,2024-12-18,Palmerston,0,0.004110715047241638,0,0
2024-12-18,2024-12-19,Palmerston,0,0.008273542941299823,0,0
2024-12-20,2024-12-21,Palmerston,0,0.006166925674603091,0,0
2024-12-21,2024-12-22,Palmerston,0,0.0068795092746724365,0,0
2024-12-22,2024-12-23,Palmerston,0,0.004572542922724916,0,0
2024-12-23,2024-12-24,Palmerston,0,0.0051509048920774965,0,0
2024-12-24,2024-12-25,Palmerston,0,0.005149589921145474,0,0
2024-12-25,2024-12-26,Palmerston,0,0.00396520639614743,0,0
2024-12-26,2024-12-27,Palmerston,0,0.004237520695539755,0,0
2024-12-27,2024-12-28,Palmerston,0,0.004514433442365322,0,0
2023-12-31,2024-01-01,Stokes Hill,0,0.007080720987556828,0,0
2024-01-01,2024-01-02,Stokes Hill,0,0.009415369716830128,0,0
2024-01-02,2024-01-03,Stokes Hill,0,0.026404344849465106,0,0
2024-01-03,2024-01-04,Stokes Hill,0,0.010377392961538084,0,0
2024-01-04,2024-01-05,Stokes Hill,0,0.01781688325457031,0,0
2024-01-05,2024-01-06,Stokes Hill,0,0.006215194403277091,0,0
2024-01-06,2024-01-07,Stokes Hill,0,0.00489221852399724,0,0
2024-01-07,2024-01-08,Stokes Hill,0,0.004705769636090783,0,0
2024-01-08,2024-01-09,Stokes Hill,0,0.008587175204341482,0,0
2024-01-09,2024-01-10,Stokes Hill,0,0.0033909577907424563,0,0
2024-01-10,2024-01-11,Stokes Hill,0,0.0009581094019029371,0,0
2024-01-11,2024-01-12,Stokes Hill,0,0.003326591005077787,0,0
2024-01-12,2024-01-13,Stokes Hill,0,0.002603930581668161,0,0
2024-01-13,2024-01-14,Stokes Hill,0,0.0030572608273405355,0,0
2024-01-14,2024-01-15,Stokes Hill,0,0.003544018045136806,0,0
2024-01-15,2024-01-16,Stokes Hill,0,0.007237269120044373,0,0
2024-01-16,2024-01-17,Stokes Hill,0,0.010998852641217596,0,0
2024-01-17,2024-01-18,Stokes Hill,0,0.009827007615760185,0,0
2024-01-18,2024-01-19,Stokes Hill,0,0.009280617054165384,0,0
2024-01-19,2024-01-20,Stokes Hill,0,0.007828752633861732,0,0
2024-01-20,2024-01-21,Stokes Hill,0,0.006642751969671973,0,0
2024-01-21,2024-01-22,Stokes Hill,0,0.007305459126906749,0,0
2024-01-22,2024-01-23,Stokes Hill,0,0.006856159907732196,0,0
2024-01-23,2024-01-24,Stokes Hill,0,0.020797654896735275,0,0
2024-01-24,2024-01-25,Stokes Hill,0,0.004218913720128678,0,0
2024-01-25,2024-01-26,Stokes Hill,0,0.003285983069335826,0,0
2024-01-26,2024-01-27,Stokes Hill,0,0.004697556461858062,0,0
2024-01-27,2024-01-28,Stokes Hill,0,0.0048578985924103545,0,0
2024-01-28,2024-01-29,Stokes Hill,0,0.003309618447897464,0,0
2024-01-29,2024-01-30,Stokes Hill,0,0.0037313132166567203,0,0
2024-01-30,2024-01-31,Stokes Hill,0,0.0037151114839060165,0,0
2024-01-31,2024-02-01,Stokes Hill,0,0.0028884319927772618,0,0
2024-02-01,2024-02-02,Stokes Hill,0,0.0035985154850938445,0,0
2024-02-02,2024-02-03,Stokes Hill,0,0.005899224690983962,0,0
2024-02-03,2024-02-04,Stokes Hill,0,0.008260053043702463,0,0
2024-02-04,2024-02-05,Stokes Hill,0,0.005569696028828303,0,0
2024-02-05,2024-02-06,Stokes Hill,0,0.005470090619717658,0,0
2024-02-06,2024-02-07,Stokes Hill,0,0.006329391796766926,0,0
2024-02-07,2024-02-08,Stokes Hill,0,0.0027989958809587667,0,0
2024-02-08,2024-02-09,Stokes Hill,0,0.009818026792274916,0,0
2024-02-09,2024-02-10,Stokes Hill,0,0.002763275103665675,0,0
2024-02-10,2024-02-11,Stokes Hill,0,0.004051201717758855,0,0
2024-02-11,2024-02-12,Stokes Hill,0,0.003266717655746198,0,0
2024-02-12,2024-02-13,Stokes Hill,0,0.003237325519514026,0,0
2024-02-13,2024-02-14,Stokes Hill,0,0.0036445582688842937,0,0
2024-02-14,2024-02-15,Stokes Hill,0,0.004850240364576895,0,0
2024-02-15,2024-02-16,Stokes Hill,0,0.001935638442941792,0,0
2024-02-16,2024-02-17,Stokes Hill,0,0.001707542038125388,0,0
2024-02-17,2024-02-18,Stokes Hill,0,0.004096430416015033,0,0
2024-02-18,2024-02-19,Stokes Hill,0,0.005847882146576846,0,0
2024-02-19,2024-02-20,Stokes Hill,0,0.002866081284268392,0,0
2024-02-20,2024-02-21,Stokes Hill,0,0.008632914729782271,0,0
2024-02-21,2024-02-22,Stokes Hill,0,0.011519013941204614,0,0
2024-02-22,2024-02-23,Stokes Hill,0,0.007980888002583385,0,0
2024-02-23,2024-02-24,Stokes Hill,0,0.010173486979123158,0,0
2024-02-24,2024-02-25,Stokes Hill,0,0.008254656708725217,0,0
2024-02-25,2024-02-26,Stokes Hill,0,0.00472740539962576,0,0
2024-02-26,2024-02-27,Stokes Hill,0,0.00404032029954696,0,0
2024-02-27,2024-02-28,Stokes Hill,0,0.0012666642917442757,0,0
2024-02-28,2024-02-29,Stokes Hill,0,0.0053710504416345515,0,0
2024-02-29,2024-03-01,Stokes Hill,0,0.0058293036395830845,0,0
2024-03-01,2024-03-02,Stokes Hill,0,0.005041020055551357,0,0
2024-03-02,2024-03-03,Stokes Hill,0,0.0062750923261237265,0,0
2024-03-03,2024-03-04,Stokes Hill,0,0.007368128487587116,0,0
2024-03-04,2024-03-05,Stokes Hill,0,0.0054085420549205504,0,0
2024-03-05,2024-03-06,Stokes Hill,0,0.004347957384297782,0,0
2024-03-06,2024-03-07,Stokes Hill,0,0.004150010163796469,0,0
2024-03-07,2024-03-08,Stokes Hill,0,0.004424172901799093,0,0
2024-03-08,2024-03-09,Stokes Hill,0,0.004367336397773457,0,0
2024-03-14,2024-03-15,Stokes Hill,0,0.035718070057156756,0,0
2024-03-15,2024-03-16,Stokes Hill,0,0.009171317453524506,0,0
2024-03-16,2024-03-17,Stokes Hill,0,0.00823135563537539,0,0
2024-03-17,2024-03-18,Stokes Hill,0,0.01001667566090211,0,0
2024-03-18,2024-03-19,Stokes Hill,0,0.00962388280196548,0,0
2024-03-19,2024-03-20,Stokes Hill,0,0.015190104739425414,0,0
2024-03-20,2024-03-21,Stokes Hill,0,0.010448114430974664,0,0
2024-03-21,2024-03-22,Stokes Hill,0,0.008351343404806274,0,0
2024-03-22,2024-03-23,Stokes Hill,0,0.008710518956811712,0,0
2024-03-26,2024-03-27,Stokes Hill,0,0.05277316028261861,0,0
2024-03-27,2024-03-28,Stokes Hill,0,0.01613396917603373,0,0
2024-03-28,2024-03-29,Stokes Hill,0,0.014573398141035934,0,0
2024-03-29,2024-03-30,Stokes Hill,0,0.01584852631012326,0,0
2024-03-30,2024-03-31,Stokes Hill,0,0.008143702078768605,0,0
2024-03-31,2024-04-01,Stokes Hill,0,0.008682920765904677,0,0
2024-04-01,2024-04-02,Stokes Hill,0,0.008067610038027702,0,0
2024-04-02,2024-04-03,Stokes Hill,0,0.005222253622162922,0,0
2024-04-03,2024-04-04,Stokes Hill,0,0.004344351495524737,0,0
2024-04-04,2024-04-05,Stokes Hill,0,0.02345804507378414,0,0
2024-04-05,2024-04-06,Stokes Hill,0,0.07273005105593948,0,0
2024-04-06,2024-04-07,Stokes Hill,0,0.02687780112970495,0,0
2024-04-07,2024-04-08,Stokes Hill,0,0.025924953818779198,0,0
2024-04-08,2024-04-09,Stokes Hill,0,0.07011692184672735,0,0
2024-04-09,2024-04-10,Stokes Hill,0,0.12675959530419126,0,0
2024-04-10,2024-04-11,Stokes Hill,0,0.139563935160271,0,0
2024-04-11,2024-04-12,Stokes Hill,0,0.1398719393937082,0,0
2024-04-12,2024-04-13,Stokes Hill,0,0.01997024551278952,0,0
2024-04-13,2024-04-14,Stokes Hill,0,0.022857755206084893,0,0
2024-04-14,2024-04-15,Stokes Hill,0,0.018652306441132967,0,0
2024-04-15,2024-04-16,Stokes Hill,0,0.01535846231878996,0,0
2024-04-16,2024-04-17,Stokes Hill,0,0.06576235335597129,0,0
2024-04-17,2024-04-18,Stokes Hill,0,0.04134187933447626,0,0
2024-04-18,2024-04-19,Stokes Hill,0,0.028174687730825997,0,0
2024-04-19,2024-04-20,Stokes Hill,0,0.06536694911269354,0,0
2024-04-20,2024-04-21,Stokes Hill,0,0.21210440724848958,0,0
2024-04-21,2024-04-22,Stokes Hill,0,0.1223896836207483,0,0
2024-04-22,2024-04-23,Stokes Hill,0,0.09777470317807309,0,0
2024-04-23,2024-04-24,Stokes Hill,0,0.055387232096428436,0,0
2024-04-24,2024-04-25,Stokes Hill,0,0.02401740603592539,0,0
2024-04-25,2024-04-26,Stokes Hill,0,0.029582975733079837,0,0
2024-04-26,2024-04-27,Stokes Hill,0,0.04258188390377332,0,0
2024-04-27,2024-04-28,Stokes Hill,0,0.16780674179403193,0,0
2024-04-28,2024-04-29,Stokes Hill,0,0.23073334512234192,0,0
2024-04-29,2024-04-30,Stokes Hill,0,0.08792917556120654,0,0
2024-04-30,2024-05-01,Stokes Hill,0,0.1209466794234916,0,0
2024-05-01,2024-05-02,Stokes Hill,0,0.13963087027054008,0,0
2024-05-02,2024-05-03,Stokes Hill,0,0.2759623703060128,0,0
2024-05-03,2024-05-04,Stokes Hill,0,0.27545693765409157,0,0
2024-05-04,2024-05-05,Stokes Hill,0,0.171422441463617,0,0
2024-05-05,2024-05-06,Stokes Hill,0,0.2900168363958299,0,0
2024-05-06,2024-05-07,Stokes Hill,0,0.5171467907279298,0,0
2024-05-07,2024-05-08,Stokes Hill,0,0.3633409097210208,0,0
2024-05-08,2024-05-09,Stokes Hill,0,0.4286080055136615,0,0
2024-05-09,2024-05-10,Stokes Hill,0,0.23286973971562328,0,0
2024-05-10,2024-05-11,Stokes Hill,0,0.3889559153093669,0,0
2024-05-11,2024-05-12,Stokes Hill,0,0.8326206904549875,0,0
2024-05-12,2024-05-13,Stokes Hill,0,0.544378361881148,0,0
2024-05-13,2024-05-14,Stokes Hill,0,0.40729216280106156,0,0
2024-05-14,2024-05-15,Stokes Hill,0,0.563683957958626,0,0
2024-05-15,2024-05-16,Stokes Hill,0,0.655446445763797,0,0
2024-05-16,2024-05-17,Stokes Hill,0,0.5541099789688355,0,0
2024-05-17,2024-05-18,Stokes Hill,0,0.5002130939534268,0,0
2024-05-18,2024-05-19,Stokes Hill,0,0.7560242657598838,0,0
2024-05-19,2024-05-20,Stokes Hill,0,0.8273775418690203,0,0
2024-05-20,2024-05-21,Stokes Hill,1,0.8449942788497701,0,1
2024-05-21,2024-05-22,Stokes Hill,1,0.9436430844043098,1,0
2024-05-22,2024-05-23,Stokes Hill,1,0.8589090838311656,0,1
2024-05-23,2024-05-24,Stokes Hill,0,0.8421405425635233,0,0
2024-05-24,2024-05-25,Stokes Hill,0,0.4811735746335748,0,0
2024-05-25,2024-05-26,Stokes Hill,0,0.1872460883738183,0,0
2024-05-26,2024-05-27,Stokes Hill,0,0.25150564172729195,0,0
2024-05-27,2024-05-28,Stokes Hill,0,0.48283152029427845,0,0
2024-05-28,2024-05-29,Stokes Hill,0,0.49543461581310144,0,0
2024-05-29,2024-05-30,Stokes Hill,0,0.23177915358053522,0,0
2024-06-05,2024-06-06,Stokes Hill,0,0.487022280777549,0,0
2024-06-06,2024-06-07,Stokes Hill,0,0.7288200549818916,0,0
2024-06-07,2024-06-08,Stokes Hill,1,0.9166231952324191,1,0
2024-06-08,2024-06-09,Stokes Hill,0,0.9668863095103883,1,0
2024-06-09,2024-06-10,Stokes Hill,0,0.6078355650532788,0,0
2024-06-10,2024-06-11,Stokes Hill,0,0.40366953394914695,0,0
2024-06-11,2024-06-12,Stokes Hill,0,0.6192958250842787,0,0
2024-06-12,2024-06-13,Stokes Hill,1,0.35415160024305103,0,1
2024-06-13,2024-06-14,Stokes Hill,0,0.9071142308458573,1,0
2024-06-14,2024-06-15,Stokes Hill,1,0.7336023592221638,0,1
2024-06-15,2024-06-16,Stokes Hill,0,0.8962406950620756,1,0
2024-06-16,2024-06-17,Stokes Hill,1,0.6909841178552091,0,1
2024-06-17,2024-06-18,Stokes Hill,1,0.9123651106643615,1,0
2024-06-18,2024-06-19,Stokes Hill,0,0.8141341723237002,0,0
2024-06-19,2024-06-20,Stokes Hill,0,0.8167533057172724,0,0
2024-06-20,2024-06-21,Stokes Hill,1,0.7952825828101041,0,1
2024-06-21,2024-06-22,Stokes Hill,0,0.9079834055861301,1,0
2024-06-22,2024-06-23,Stokes Hill,0,0.8438988307598231,0,0
2024-06-23,2024-06-24,Stokes Hill,0,0.5977482793050388,0,0
2024-06-24,2024-06-25,Stokes Hill,0,0.6435773590799516,0,0
2024-06-25,2024-06-26,Stokes Hill,1,0.6577166318682329,0,1
2024-06-26,2024-06-27,Stokes Hill,1,0.980185155891155,1,0
2024-06-27,2024-06-28,Stokes Hill,0,0.9345277410562652,1,0
2024-06-28,2024-06-29,Stokes Hill,1,0.3030757112716972,0,1
2024-06-29,2024-06-30,Stokes Hill,0,0.8159508974867323,0,0
2024-06-30,2024-07-01,Stokes Hill,0,0.5059572964992977,0,0
2024-07-01,2024-07-02,Stokes Hill,0,0.40226576373183764,0,0
2024-07-02,2024-07-03,Stokes Hill,0,0.4618339343901393,0,0
2024-07-03,2024-07-04,Stokes Hill,0,0.3719909857155183,0,0
2024-07-08,2024-07-09,Stokes Hill,0,0.24705548602077718,0,0
2024-07-09,2024-07-10,Stokes Hill,0,0.2837036460412587,0,0
2024-07-17,2024-07-18,Stokes Hill,1,0.9450026394838861,1,0
2024-07-18,2024-07-19,Stokes Hill,1,0.9476852055161182,1,0
2024-07-19,2024-07-20,Stokes Hill,0,0.9465347437128173,1,0
2024-07-20,2024-07-21,Stokes Hill,0,0.4841300516862775,0,0
2024-07-21,2024-07-22,Stokes Hill,0,0.7148938517167811,0,0
2024-07-22,2024-07-23,Stokes Hill,0,0.7838114696943752,0,0
2024-07-23,2024-07-24,Stokes Hill,1,0.45689410590626994,0,1
2024-07-24,2024-07-25,Stokes Hill,0,0.7860766174591606,0,0
2024-07-30,2024-07-31,Stokes Hill,0,0.5726461165894196,0,0
2024-07-31,2024-08-01,Stokes Hill,0,0.395109457884975,0,0
2024-08-01,2024-08-02,Stokes Hill,0,0.3356854114377709,0,0
2024-08-02,2024-08-03,Stokes Hill,0,0.3781908752615452,0,0
2024-08-03,2024-08-04,Stokes Hill,0,0.23367735180698046,0,0
2024-08-04,2024-08-05,Stokes Hill,0,0.264638428974018,0,0
2024-08-05,2024-08-06,Stokes Hill,0,0.2337800441238415,0,0
2024-08-06,2024-08-07,Stokes Hill,0,0.4706851889238625,0,0
2024-08-07,2024-08-08,Stokes Hill,0,0.4753428631516805,0,0
2024-08-08,2024-08-09,Stokes Hill,0,0.5758134745277661,0,0
2024-08-09,2024-08-10,Stokes Hill,1,0.6716418402670676,0,1
2024-08-10,2024-08-11,Stokes Hill,0,0.792865183722991,0,0
2024-08-11,2024-08-12,Stokes Hill,0,0.6478380521945624,0,0
2024-08-12,2024-08-13,Stokes Hill,0,0.2600822101470487,0,0
2024-08-13,2024-08-14,Stokes Hill,0,0.41472831002172855,0,0
2024-08-14,2024-08-15,Stokes Hill,0,0.3619928982676093,0,0
2024-08-15,2024-08-16,Stokes Hill,0,0.240062502647775,0,0
2024-08-16,2024-08-17,Stokes Hill,0,0.846493478858221,0,0
2024-08-17,2024-08-18,Stokes Hill,0,0.4094005575662917,0,0
2024-08-18,2024-08-19,Stokes Hill,0,0.3473919168234009,0,0
2024-08-19,2024-08-20,Stokes Hill,0,0.2469310453050916,0,0
2024-08-20,2024-08-21,Stokes Hill,0,0.2671278902885223,0,0
2024-08-21,2024-08-22,Stokes Hill,0,0.4067974167156164,0,0
2024-08-22,2024-08-23,Stokes Hill,0,0.07699992999034247,0,0
2024-08-23,2024-08-24,Stokes Hill,0,0.14475370970586268,0,0
2024-08-24,2024-08-25,Stokes Hill,0,0.08492575880719368,0,0
2024-08-25,2024-08-26,Stokes Hill,0,0.07478186320102893,0,0
2024-08-26,2024-08-27,Stokes Hill,0,0.45980956702431647,0,0
2024-08-27,2024-08-28,Stokes Hill,0,0.5917324991732354,0,0
2024-08-28,2024-08-29,Stokes Hill,0,0.16925315854139852,0,0
2024-08-29,2024-08-30,Stokes Hill,0,0.23660688517331446,0,0
2024-08-30,2024-08-31,Stokes Hill,0,0.11068742644471886,0,0
2024-08-31,2024-09-01,Stokes Hill,0,0.08377312698120544,0,0
2024-09-01,2024-09-02,Stokes Hill,0,0.1301708857985489,0,0
2024-09-05,2024-09-06,Stokes Hill,0,0.14586279865912288,0,0
2024-09-06,2024-09-07,Stokes Hill,0,0.12027303787232461,0,0
2024-09-07,2024-09-08,Stokes Hill,0,0.10114726057977874,0,0
2024-09-08,2024-09-09,Stokes Hill,0,0.7505150316006676,0,0
2024-09-09,2024-09-10,Stokes Hill,0,0.2673780799688848,0,0
2024-09-10,2024-09-11,Stokes Hill,0,0.17986670993080028,0,0
2024-09-11,2024-09-12,Stokes Hill,0,0.19899327640860845,0,0
2024-09-12,2024-09-13,Stokes Hill,0,0.26144915739045393,0,0
2024-09-13,2024-09-14,Stokes Hill,0,0.2716230946466084,0,0
2024-09-14,2024-09-15,Stokes Hill,0,0.459848798777864,0,0
2024-09-15,2024-09-16,Stokes Hill,0,0.18982142481749856,0,0
2024-09-16,2024-09-17,Stokes Hill,0,0.13493950037834634,0,0
2024-09-17,2024-09-18,Stokes Hill,0,0.13634255417807978,0,0
2024-09-18,2024-09-19,Stokes Hill,0,0.06273575416786543,0,0
2024-09-19,2024-09-20,Stokes Hill,0,0.031047730353619265,0,0
2024-09-20,2024-09-21,Stokes Hill,0,0.0406894470670646,0,0
2024-09-21,2024-09-22,Stokes Hill,0,0.023848206269815198,0,0
2024-09-22,2024-09-23,Stokes Hill,0,0.07643740695491874,0,0
2024-09-23,2024-09-24,Stokes Hill,0,0.07459962449829817,0,0
2024-09-24,2024-09-25,Stokes Hill,0,0.05271299492026534,0,0
2024-09-25,2024-09-26,Stokes Hill,0,0.05676620598699537,0,0
2024-09-29,2024-09-30,Stokes Hill,0,0.12503875514315096,0,0
2024-09-30,2024-10-01,Stokes Hill,0,0.21433256577026027,0,0
2024-10-01,2024-10-02,Stokes Hill,0,0.1950989560683537,0,0
2024-10-02,2024-10-03,Stokes Hill,0,0.1967431729673505,0,0
2024-10-03,2024-10-04,Stokes Hill,0,0.08005859908730532,0,0
2024-10-04,2024-10-05,Stokes Hill,0,0.13367963461561702,0,0
2024-10-05,2024-10-06,Stokes Hill,0,0.1296441742454369,0,0
2024-10-06,2024-10-07,Stokes Hill,0,0.13641277132427257,0,0
2024-10-07,2024-10-08,Stokes Hill,0,0.18958883934469242,0,0
2024-10-08,2024-10-09,Stokes Hill,0,0.0572243709890248,0,0
2024-10-09,2024-10-10,Stokes Hill,0,0.08329321169082779,0,0
2024-10-10,2024-10-11,Stokes Hill,0,0.11279146626449908,0,0
2024-10-11,2024-10-12,Stokes Hill,0,0.187700292649618,0,0
2024-10-12,2024-10-13,Stokes Hill,0,0.17747743398310706,0,0
2024-10-13,2024-10-14,Stokes Hill,0,0.07997951115409005,0,0
2024-10-14,2024-10-15,Stokes Hill,0,0.1329449928921011,0,0
2024-10-15,2024-10-16,Stokes Hill,0,0.06862819680074243,0,0
2024-10-16,2024-10-17,Stokes Hill,0,0.053393512563689044,0,0
2024-10-17,2024-10-18,Stokes Hill,0,0.0692424144344565,0,0
2024-10-18,2024-10-19,Stokes Hill,0,0.04692380684214424,0,0
2024-10-19,2024-10-20,Stokes Hill,0,0.06924267917953537,0,0
2024-10-20,2024-10-21,Stokes Hill,0,0.039514335076859905,0,0
2024-10-21,2024-10-22,Stokes Hill,0,0.04079950259683556,0,0
2024-10-22,2024-10-23,Stokes Hill,0,0.028845313906907782,0,0
2024-10-23,2024-10-24,Stokes Hill,0,0.03189829954384957,0,0
2024-10-24,2024-10-25,Stokes Hill,0,0.0588597155732109,0,0
2024-10-25,2024-10-26,Stokes Hill,0,0.03103671187050657,0,0
2024-10-26,2024-10-27,Stokes Hill,0,0.04994273950853792,0,0
2024-10-27,2024-10-28,Stokes Hill,0,0.034036521173337074,0,0
2024-10-28,2024-10-29,Stokes Hill,0,0.06216967448956616,0,0
2024-10-29,2024-10-30,Stokes Hill,0,0.07051759843919098,0,0
2024-10-30,2024-10-31,Stokes Hill,0,0.0426159731976396,0,0
2024-10-31,2024-11-01,Stokes Hill,0,0.04162170580905429,0,0
2024-11-01,2024-11-02,Stokes Hill,0,0.004861170111789665,0,0
2024-11-02,2024-11-03,Stokes Hill,0,0.008473990032374989,0,0
2024-11-07,2024-11-08,Stokes Hill,0,0.016919438130196772,0,0
2024-11-08,2024-11-09,Stokes Hill,0,0.011927991090190895,0,0
2024-11-09,2024-11-10,Stokes Hill,0,0.023743852825891865,0,0
2024-11-10,2024-11-11,Stokes Hill,0,0.03663951103762101,0,0
2024-11-11,2024-11-12,Stokes Hill,0,0.018516357441315787,0,0
2024-11-12,2024-11-13,Stokes Hill,0,0.025834555315490778,0,0
2024-11-13,2024-11-14,Stokes Hill,0,0.01876423625269382,0,0
2024-11-14,2024-11-15,Stokes Hill,0,0.01203052562614164,0,0
2024-11-15,2024-11-16,Stokes Hill,0,0.01891407659453984,0,0
2024-11-16,2024-11-17,Stokes Hill,0,0.015366577164183763,0,0
2024-11-17,2024-11-18,Stokes Hill,0,0.016415733948147757,0,0
2024-11-18,2024-11-19,Stokes Hill,0,0.026229171382424317,0,0
2024-11-19,2024-11-20,Stokes Hill,0,0.008026324892998248,0,0
2024-11-20,2024-11-21,Stokes Hill,0,0.01055069880142932,0,0
2024-11-21,2024-11-22,Stokes Hill,0,0.007157851346324667,0,0
2024-11-22,2024-11-23,Stokes Hill,0,0.022478498859974935,0,0
2024-11-23,2024-11-24,Stokes Hill,0,0.006147400524787157,0,0
2024-11-24,2024-11-25,Stokes Hill,0,0.00674036812889651,0,0
2024-11-25,2024-11-26,Stokes Hill,0,0.006681587923099098,0,0
2024-11-26,2024-11-27,Stokes Hill,0,0.0059488743939417,0,0
2024-11-27,2024-11-28,Stokes Hill,0,0.0013904914586269186,0,0
2024-11-28,2024-11-29,Stokes Hill,0,0.013702054277444609,0,0
2024-11-29,2024-11-30,Stokes Hill,0,0.021529548257400017,0,0
2024-11-30,2024-12-01,Stokes Hill,0,0.0039266713084267725,0,0
2024-12-01,2024-12-02,Stokes Hill,0,0.002039057491842927,0,0
2024-12-02,2024-12-03,Stokes Hill,0,0.0031828075749766103,0,0
2024-12-03,2024-12-04,Stokes Hill,0,0.003201087087191584,0,0
2024-12-04,2024-12-05,Stokes Hill,0,0.0029670145172985374,0,0
2024-12-05,2024-12-06,Stokes Hill,0,0.00281594635519482,0,0
2024-12-06,2024-12-07,Stokes Hill,0,0.0028626899019364646,0,0
2024-12-07,2024-12-08,Stokes Hill,0,0.0029124858891792175,0,0
2024-12-08,2024-12-09,Stokes Hill,0,0.003465917142928112,0,0
2024-12-09,2024-12-10,Stokes Hill,0,0.003217168248706753,0,0
2024-12-10,2024-12-11,Stokes Hill,0,0.0024516237893255047,0,0
2024-12-11,2024-12-12,Stokes Hill,0,0.003685357125731035,0,0
2024-12-12,2024-12-13,Stokes Hill,0,0.0016124954608841978,0,0
2024-12-13,2024-12-14,Stokes Hill,0,0.002754360875886559,0,0
2024-12-14,2024-12-15,Stokes Hill,0,0.0031645878817596037,0,0
2024-12-15,2024-12-16,Stokes Hill,0,0.0022643540797689424,0,0
2024-12-16,2024-12-17,Stokes Hill,0,0.002819756401296313,0,0
2024-12-17,2024-12-18,Stokes Hill,0,0.0035931680042595644,0,0
2024-12-18,2024-12-19,Stokes Hill,0,0.010631409812102881,0,0
2024-12-19,2024-12-20,Stokes Hill,0,0.009646295935669043,0,0
2024-12-20,2024-12-21,Stokes Hill,0,0.003331129927890915,0,0
2024-12-21,2024-12-22,Stokes Hill,0,0.004130060208450333,0,0
2024-12-22,2024-12-23,Stokes Hill,0,0.0030663801080816045,0,0
2024-12-23,2024-12-24,Stokes Hill,0,0.004083241141624815,0,0
2024-12-24,2024-12-25,Stokes Hill,0,0.0034006292044145552,0,0
2024-12-25,2024-12-26,Stokes Hill,0,0.0036423743519415877,0,0
2024-12-26,2024-12-27,Stokes Hill,0,0.003671844816395465,0,0
2024-12-27,2024-12-28,Stokes Hill,0,0.004315173697084478,0,0
2024-12-28,2024-12-29,Stokes Hill,0,0.0041603529262458335,0,0
2024-12-29,2024-12-30,Stokes Hill,0,0.00495563802449708,0,0
2024-12-30,2024-12-31,Stokes Hill,0,0.0043156857351350445,0,0
2024-01-03,2024-01-04,Winnellie,0,0.035416651182756,0,0
2024-01-04,2024-01-05,Winnellie,0,0.018466935913957584,0,0
2024-01-05,2024-01-06,Winnellie,0,0.009262337914661337,0,0
2024-01-06,2024-01-07,Winnellie,0,0.006659600350590502,0,0
2024-01-07,2024-01-08,Winnellie,0,0.003192280690769411,0,0
2024-01-08,2024-01-09,Winnellie,0,0.004352512781177025,0,0
2024-01-09,2024-01-10,Winnellie,0,0.0030023229260464344,0,0
2024-01-15,2024-01-16,Winnellie,0,0.023394449959886217,0,0
2024-01-16,2024-01-17,Winnellie,0,0.009469141678775552,0,0
2024-01-17,2024-01-18,Winnellie,0,0.010405125078395612,0,0
2024-01-22,2024-01-23,Winnellie,0,0.027909312923878223,0,0
2024-01-23,2024-01-24,Winnellie,0,0.007938380312122564,0,0
2024-01-24,2024-01-25,Winnellie,0,0.0028127878221591626,0,0
2024-01-25,2024-01-26,Winnellie,0,0.002713269049069342,0,0
2024-01-30,2024-01-31,Winnellie,0,0.005537715681935235,0,0
2024-01-31,2024-02-01,Winnellie,0,0.007481949272731782,0,0
2024-02-01,2024-02-02,Winnellie,0,0.0023799826995438487,0,0
2024-02-02,2024-02-03,Winnellie,0,0.007582926339152646,0,0
2024-02-06,2024-02-07,Winnellie,0,0.038173289054952354,0,0
2024-02-07,2024-02-08,Winnellie,0,0.004428121708421607,0,0
2024-02-08,2024-02-09,Winnellie,0,0.009192439608001032,0,0
2024-02-09,2024-02-10,Winnellie,0,0.001195509063852334,0,0
2024-02-10,2024-02-11,Winnellie,0,0.00500123043993238,0,0
2024-02-17,2024-02-18,Winnellie,0,0.0526162526478788,0,0
2024-02-18,2024-02-19,Winnellie,0,0.003073629042478121,0,0
2024-02-19,2024-02-20,Winnellie,0,0.003978404518985724,0,0
2024-02-20,2024-02-21,Winnellie,0,0.0032680749022258124,0,0
2024-02-22,2024-02-23,Winnellie,0,0.02903029184403263,0,0
2024-02-23,2024-02-24,Winnellie,0,0.011632506164088676,0,0
2024-02-24,2024-02-25,Winnellie,0,0.008120452222243595,0,0
2024-02-25,2024-02-26,Winnellie,0,0.0019624704782689154,0,0
2024-02-26,2024-02-27,Winnellie,0,0.003234991141906977,0,0
2024-02-27,2024-02-28,Winnellie,0,0.0009906814316146867,0,0
2024-02-28,2024-02-29,Winnellie,0,0.006926934137114447,0,0
2024-02-29,2024-03-01,Winnellie,0,0.0034158676797371684,0,0
2024-03-01,2024-03-02,Winnellie,0,0.0013945485245350742,0,0
2024-03-02,2024-03-03,Winnellie,0,0.0032557780179603164,0,0
2024-03-07,2024-03-08,Winnellie,0,0.011974244676858696,0,0
2024-03-08,2024-03-09,Winnellie,0,0.0074822087120606905,0,0
2024-03-09,2024-03-10,Winnellie,0,0.005733452403017906,0,0
2024-03-14,2024-03-15,Winnellie,0,0.017056809471071157,0,0
2024-03-15,2024-03-16,Winnellie,0,0.009488147636065584,0,0
2024-03-18,2024-03-19,Winnellie,0,0.057000308452949844,0,0
2024-03-19,2024-03-20,Winnellie,0,0.022784495384704187,0,0
2024-03-26,2024-03-27,Winnellie,0,0.05365622306289393,0,0
2024-03-27,2024-03-28,Winnellie,0,0.023323595155648982,0,0
2024-03-28,2024-03-29,Winnellie,0,0.020515874384161414,0,0
2024-03-29,2024-03-30,Winnellie,0,0.021066298740543787,0,0
2024-03-30,2024-03-31,Winnellie,0,0.010599846047401542,0,0
2024-03-31,2024-04-01,Winnellie,0,0.006906513967399775,0,0
2024-04-01,2024-04-02,Winnellie,0,0.013330669107869045,0,0
2024-04-02,2024-04-03,Winnellie,0,0.008559282472998508,0,0
2024-04-03,2024-04-04,Winnellie,0,0.002146471217158038,0,0
2024-04-04,2024-04-05,Winnellie,0,0.00815894772269818,0,0
2024-04-05,2024-04-06,Winnellie,0,0.09609056064504518,0,0
2024-04-06,2024-04-07,Winnellie,0,0.035373234225479756,0,0
2024-04-07,2024-04-08,Winnellie,0,0.02196438444328265,0,0
2024-04-08,2024-04-09,Winnellie,0,0.0767044184405405,0,0
2024-04-09,2024-04-10,Winnellie,0,0.15179225649116684,0,0
2024-04-10,2024-04-11,Winnellie,0,0.12307026600231419,0,0
2024-04-11,2024-04-12,Winnellie,0,0.17787349761229154,0,0
2024-04-12,2024-04-13,Winnellie,0,0.015919608263367555,0,0
2024-04-13,2024-04-14,Winnellie,0,0.03818906533047468,0,0
2024-04-14,2024-04-15,Winnellie,0,0.026517928606085803,0,0
2024-04-15,2024-04-16,Winnellie,0,0.02594978809618747,0,0
2024-04-16,2024-04-17,Winnellie,0,0.03999911177363415,0,0
2024-04-17,2024-04-18,Winnellie,0,0.04093332909651854,0,0
2024-04-18,2024-04-19,Winnellie,0,0.024588059995314226,0,0
2024-04-19,2024-04-20,Winnellie,0,0.045041814044927936,0,0
2024-04-20,2024-04-21,Winnellie,0,0.18807173216700257,0,0
2024-04-24,2024-04-25,Winnellie,0,0.12061142074076729,0,0
2024-04-25,2024-04-26,Winnellie,0,0.03786948909444952,0,0
2024-04-26,2024-04-27,Winnellie,0,0.04672309790379415,0,0
2024-04-27,2024-04-28,Winnellie,0,0.17757552533112303,0,0
2024-04-28,2024-04-29,Winnellie,0,0.22760473586838567,0,0
2024-04-29,2024-04-30,Winnellie,0,0.07191633194103977,0,0
2024-04-30,2024-05-01,Winnellie,0,0.07394547748011263,0,0
2024-05-01,2024-05-02,Winnellie,0,0.1139730401008,0,0
2024-05-02,2024-05-03,Winnellie,0,0.19478410249645298,0,0
2024-05-03,2024-05-04,Winnellie,0,0.24722763414753313,0,0
2024-05-04,2024-05-05,Winnellie,0,0.1631181905940301,0,0
2024-05-05,2024-05-06,Winnellie,0,0.3608613043191142,0,0
2024-05-06,2024-05-07,Winnellie,0,0.3913211410568374,0,0
2024-05-07,2024-05-08,Winnellie,0,0.37897400019258903,0,0
2024-05-08,2024-05-09,Winnellie,0,0.27658137389172655,0,0
2024-05-09,2024-05-10,Winnellie,0,0.16298558438325467,0,0
2024-05-10,2024-05-11,Winnellie,1,0.35908566192503527,0,1
2024-05-11,2024-05-12,Winnellie,0,0.9237973136262783,1,0
2024-05-12,2024-05-13,Winnellie,0,0.4933371954700477,0,0
2024-05-13,2024-05-14,Winnellie,0,0.3264391156178636,0,0
2024-05-14,2024-05-15,Winnellie,0,0.49686659863161886,0,0
2024-05-15,2024-05-16,Winnellie,0,0.7031380561488569,0,0
2024-05-16,2024-05-17,Winnellie,0,0.6758589375181835,0,0
2024-05-17,2024-05-18,Winnellie,0,0.5196257941649302,0,0
2024-05-18,2024-05-19,Winnellie,0,0.7493462236449597,0,0
2024-05-19,2024-05-20,Winnellie,0,0.8768810715238373,1,0
2024-05-20,2024-05-21,Winnellie,0,0.8970132268248806,1,0
2024-05-21,2024-05-22,Winnellie,1,0.9632366997270785,1,0
2024-05-24,2024-05-25,Winnellie,0,0.34970741042809966,0,0
2024-05-25,2024-05-26,Winnellie,0,0.26602550262056296,0,0
2024-05-26,2024-05-27,Winnellie,0,0.22717379450377131,0,0
2024-05-27,2024-05-28,Winnellie,0,0.4142110002142469,0,0
2024-05-28,2024-05-29,Winnellie,0,0.47611048614254337,0,0
2024-05-29,2024-05-30,Winnellie,0,0.21712728211612323,0,0
2024-06-05,2024-06-06,Winnellie,0,0.39421733204721837,0,0
2024-06-06,2024-06-07,Winnellie,0,0.3094294142388193,0,0
2024-06-07,2024-06-08,Winnellie,1,0.6577730577330827,0,1
2024-06-08,2024-06-09,Winnellie,0,0.8828636054551903,1,0
2024-06-09,2024-06-10,Winnellie,0,0.5615317405807394,0,0
2024-06-10,2024-06-11,Winnellie,0,0.4686227468440691,0,0
2024-06-11,2024-06-12,Winnellie,0,0.38477417305048134,0,0
2024-06-12,2024-06-13,Winnellie,0,0.590175467365907,0,0
2024-06-13,2024-06-14,Winnellie,0,0.7414848158370638,0,0
2024-06-14,2024-06-15,Winnellie,0,0.7343763246221829,0,0
2024-06-15,2024-06-16,Winnellie,0,0.7080888039751732,0,0
2024-06-18,2024-06-19,Winnellie,0,0.5182735869070346,0,0
2024-06-19,2024-06-20,Winnellie,0,0.6276026320233342,0,0
2024-06-20,2024-06-21,Winnellie,1,0.8144312682662076,0,1
2024-06-21,2024-06-22,Winnellie,0,0.8784591729273976,1,0
2024-06-22,2024-06-23,Winnellie,0,0.8628353006908092,0,0
2024-06-23,2024-06-24,Winnellie,0,0.7430865540662019,0,0
2024-06-24,2024-06-25,Winnellie,1,0.7779435685770422,0,1
2024-06-25,2024-06-26,Winnellie,1,0.920315039836443,1,0
2024-06-26,2024-06-27,Winnellie,1,0.8279143089564358,0,1
2024-06-27,2024-06-28,Winnellie,0,0.8765011097423565,1,0
2024-06-28,2024-06-29,Winnellie,1,0.3336831307165025,0,1
2024-06-29,2024-06-30,Winnellie,0,0.8810617510464133,1,0
2024-06-30,2024-07-01,Winnellie,0,0.4487412182560948,0,0
2024-07-01,2024-07-02,Winnellie,0,0.43265580997667274,0,0
2024-07-02,2024-07-03,Winnellie,0,0.6946542421288712,0,0
2024-07-03,2024-07-04,Winnellie,0,0.5968812548254008,0,0
2024-07-04,2024-07-05,Winnellie,0,0.8869375039641951,1,0
2024-07-05,2024-07-06,Winnellie,1,0.6308863467742175,0,1
2024-07-06,2024-07-07,Winnellie,0,0.6367102226709243,0,0
2024-07-07,2024-07-08,Winnellie,0,0.5638153611065415,0,0
2024-07-08,2024-07-09,Winnellie,0,0.3753625723963603,0,0
2024-07-17,2024-07-18,Winnellie,1,0.808732559108259,0,1
2024-07-18,2024-07-19,Winnellie,0,0.8913501103285612,1,0
2024-07-19,2024-07-20,Winnellie,0,0.7157098379837229,0,0
2024-07-20,2024-07-21,Winnellie,1,0.8114146803954664,0,1
2024-07-21,2024-07-22,Winnellie,0,0.9146619979506944,1,0
2024-07-22,2024-07-23,Winnellie,0,0.8645168503880429,0,0
2024-07-23,2024-07-24,Winnellie,0,0.4926170829737012,0,0
2024-07-24,2024-07-25,Winnellie,0,0.6776376868990202,0,0
2024-08-13,2024-08-14,Winnellie,0,0.2526800772493038,0,0
2024-08-14,2024-08-15,Winnellie,0,0.33892550360685814,0,0
2024-08-15,2024-08-16,Winnellie,0,0.3535817900029003,0,0
2024-08-16,2024-08-17,Winnellie,0,0.8525748969791439,0,0
2024-08-17,2024-08-18,Winnellie,0,0.4061109742205029,0,0
2024-08-18,2024-08-19,Winnellie,0,0.33522796472312016,0,0
2024-08-19,2024-08-20,Winnellie,0,0.32591523694380997,0,0
2024-08-20,2024-08-21,Winnellie,0,0.2493108101747348,0,0
2024-08-21,2024-08-22,Winnellie,0,0.5356354313010266,0,0
2024-08-22,2024-08-23,Winnellie,0,0.15744033077095249,0,0
2024-08-23,2024-08-24,Winnellie,0,0.22578292878424472,0,0
2024-08-24,2024-08-25,Winnellie,0,0.1281554197531202,0,0
2024-08-25,2024-08-26,Winnellie,0,0.16389787786159352,0,0
2024-08-27,2024-08-28,Winnellie,0,0.2915962492859545,0,0
2024-08-28,2024-08-29,Winnellie,0,0.19516436654648808,0,0
2024-08-29,2024-08-30,Winnellie,0,0.21870715916654884,0,0
2024-08-30,2024-08-31,Winnellie,0,0.09457068473172045,0,0
2024-08-31,2024-09-01,Winnellie,0,0.12399608467268129,0,0
2024-09-01,2024-09-02,Winnellie,0,0.0999635897807891,0,0
2024-09-02,2024-09-03,Winnellie,0,0.10619639633247255,0,0
2024-09-03,2024-09-04,Winnellie,0,0.11363773460838716,0,0
2024-09-04,2024-09-05,Winnellie,0,0.14224800732643297,0,0
2024-09-05,2024-09-06,Winnellie,0,0.18524833605089244,0,0
2024-09-06,2024-09-07,Winnellie,0,0.15736500263646827,0,0
2024-09-07,2024-09-08,Winnellie,0,0.11760846438971319,0,0
2024-09-08,2024-09-09,Winnellie,0,0.8757937083122703,1,0
2024-09-09,2024-09-10,Winnellie,0,0.21904500913021682,0,0
2024-09-12,2024-09-13,Winnellie,0,0.2822918693351225,0,0
2024-09-13,2024-09-14,Winnellie,0,0.24916300682957895,0,0
2024-09-14,2024-09-15,Winnellie,0,0.273666718133832,0,0
2024-09-15,2024-09-16,Winnellie,0,0.35199543092394997,0,0
2024-09-16,2024-09-17,Winnellie,0,0.1679908906816406,0,0
2024-09-17,2024-09-18,Winnellie,0,0.02032994776204138,0,0
2024-09-18,2024-09-19,Winnellie,0,0.23033360622758134,0,0
2024-09-19,2024-09-20,Winnellie,0,0.05508355524775044,0,0
2024-09-20,2024-09-21,Winnellie,0,0.04986166268020649,0,0
2024-09-21,2024-09-22,Winnellie,0,0.04047162794678429,0,0
2024-09-22,2024-09-23,Winnellie,0,0.12259733784839082,0,0
2024-09-23,2024-09-24,Winnellie,0,0.08305799955948037,0,0
2024-09-24,2024-09-25,Winnellie,0,0.07145201624150727,0,0
2024-09-25,2024-09-26,Winnellie,0,0.08509477546320737,0,0
2024-09-29,2024-09-30,Winnellie,0,0.21808763382015245,0,0
2024-09-30,2024-10-01,Winnellie,0,0.34237795782900965,0,0
2024-10-01,2024-10-02,Winnellie,0,0.25420542729396434,0,0
2024-10-02,2024-10-03,Winnellie,0,0.36837947594387815,0,0
2024-10-03,2024-10-04,Winnellie,0,0.148289301281272,0,0
2024-10-04,2024-10-05,Winnellie,0,0.21853281954902107,0,0
2024-10-05,2024-10-06,Winnellie,0,0.24014717657231016,0,0
2024-10-06,2024-10-07,Winnellie,0,0.1758014279428448,0,0
2024-10-07,2024-10-08,Winnellie,0,0.23365156806299767,0,0
2024-10-08,2024-10-09,Winnellie,0,0.10821204236181292,0,0
2024-10-09,2024-10-10,Winnellie,0,0.10779399024541991,0,0
2024-10-10,2024-10-11,Winnellie,0,0.1499145169870497,0,0
2024-10-11,2024-10-12,Winnellie,0,0.2508502330045238,0,0
2024-10-12,2024-10-13,Winnellie,0,0.21175340748494093,0,0
2024-10-13,2024-10-14,Winnellie,0,0.12081994544587958,0,0
2024-10-14,2024-10-15,Winnellie,0,0.19305972575475736,0,0
2024-10-15,2024-10-16,Winnellie,0,0.09999675080887686,0,0
2024-10-16,2024-10-17,Winnellie,0,0.07337286703062233,0,0
2024-10-17,2024-10-18,Winnellie,0,0.13166279577663492,0,0
2024-10-18,2024-10-19,Winnellie,0,0.07099640378150224,0,0
2024-10-19,2024-10-20,Winnellie,0,0.12667495616732244,0,0
2024-10-20,2024-10-21,Winnellie,0,0.10130264291229436,0,0
2024-10-21,2024-10-22,Winnellie,0,0.07413785673235754,0,0
2024-10-22,2024-10-23,Winnellie,0,0.1193816014558406,0,0
2024-10-23,2024-10-24,Winnellie,0,0.07096635244025072,0,0
2024-10-24,2024-10-25,Winnellie,0,0.12559549814302923,0,0
2024-10-25,2024-10-26,Winnellie,0,0.0974359123567786,0,0
2024-10-26,2024-10-27,Winnellie,0,0.11286460285947046,0,0
2024-10-27,2024-10-28,Winnellie,0,0.09424979733730177,0,0
2024-10-28,2024-10-29,Winnellie,0,0.16520627179358116,0,0
2024-10-29,2024-10-30,Winnellie,0,0.09986946842991654,0,0
2024-10-30,2024-10-31,Winnellie,0,0.06247657126682353,0,0
2024-10-31,2024-11-01,Winnellie,0,0.0564920623534745,0,0
2024-11-01,2024-11-02,Winnellie,0,0.01152312409803344,0,0
2024-11-02,2024-11-03,Winnellie,0,0.020644796325339096,0,0
2024-11-07,2024-11-08,Winnellie,0,0.023283445659630635,0,0
2024-11-08,2024-11-09,Winnellie,0,0.018622058816603275,0,0
2024-11-09,2024-11-10,Winnellie,0,0.023011545323257113,0,0
2024-11-10,2024-11-11,Winnellie,0,0.035211566742167584,0,0
2024-11-11,2024-11-12,Winnellie,0,0.01865435357302578,0,0
2024-11-12,2024-11-13,Winnellie,0,0.030453924899512593,0,0
2024-11-14,2024-11-15,Winnellie,0,0.025598779467038507,0,0
2024-11-15,2024-11-16,Winnellie,0,0.0224900418099028,0,0
2024-11-16,2024-11-17,Winnellie,0,0.02881354268919588,0,0
2024-11-17,2024-11-18,Winnellie,0,0.016246309897737135,0,0
2024-11-18,2024-11-19,Winnellie,0,0.021764593301402253,0,0
2024-11-19,2024-11-20,Winnellie,0,0.010666372476701734,0,0
2024-11-20,2024-11-21,Winnellie,0,0.027756626844113487,0,0
2024-11-21,2024-11-22,Winnellie,0,0.003910773755107685,0,0
2024-11-22,2024-11-23,Winnellie,0,0.010681365022182641,0,0
2024-11-23,2024-11-24,Winnellie,0,0.006159399944059598,0,0
2024-11-24,2024-11-25,Winnellie,0,0.007271926699644702,0,0
2024-11-25,2024-11-26,Winnellie,0,0.010797847437927577,0,0
2024-11-26,2024-11-27,Winnellie,0,0.004436079760050926,0,0
2024-11-27,2024-11-28,Winnellie,0,0.003357065168740292,0,0
2024-11-28,2024-11-29,Winnellie,0,0.010370950595293813,0,0
2024-11-29,2024-11-30,Winnellie,0,0.028208033161271996,0,0
2024-11-30,2024-12-01,Winnellie,0,0.00687367961294601,0,0
2024-12-01,2024-12-02,Winnellie,0,0.0029500610683332222,0,0
2024-12-02,2024-12-03,Winnellie,0,0.005153825137615593,0,0
2024-12-03,2024-12-04,Winnellie,0,0.006106890370390637,0,0
2024-12-04,2024-12-05,Winnellie,0,0.003912022400286102,0,0
2024-12-05,2024-12-06,Winnellie,0,0.003335229201795469,0,0
2024-12-06,2024-12-07,Winnellie,0,0.0059507893175205434,0,0
2024-12-08,2024-12-09,Winnellie,0,0.007337832700103646,0,0
2024-12-09,2024-12-10,Winnellie,0,0.006813788725392069,0,0
2024-12-10,2024-12-11,Winnellie,0,0.0069034673667014755,0,0
2024-12-11,2024-12-12,Winnellie,0,0.009988548530973272,0,0
2024-12-12,2024-12-13,Winnellie,0,0.002507877294106618,0,0
2024-12-13,2024-12-14,Winnellie,0,0.006948984818815582,0,0
2024-12-14,2024-12-15,Winnellie,0,0.0032836431114205674,0,0
2024-12-15,2024-12-16,Winnellie,0,0.003971471852054826,0,0
2024-12-16,2024-12-17,Winnellie,0,0.0044865784334655705,0,0
2024-12-17,2024-12-18,Winnellie,0,0.004156913491150926,0,0
2024-12-18,2024-12-19,Winnellie,0,0.006506240204181185,0,0
2024-12-19,2024-12-20,Winnellie,0,0.009143102775764043,0,0
2024-12-20,2024-12-21,Winnellie,0,0.008516413239951089,0,0
2024-12-21,2024-12-22,Winnellie,0,0.007739108395045557,0,0
2024-12-22,2024-12-23,Winnellie,0,0.0014955376414852865,0,0
2024-12-23,2024-12-24,Winnellie,0,0.004053075542448122,0,0
2024-12-24,2024-12-25,Winnellie,0,0.0029752376118056334,0,0
2024-12-25,2024-12-26,Winnellie,0,0.0022498071651173178,0,0
2024-12-26,2024-12-27,Winnellie,0,0.007043833805526985,0,0
2024-12-27,2024-12-28,Winnellie,0,0.0045293802143601776,0,0
2024-12-28,2024-12-29,Winnellie,0,0.006973573231107252,0,0
2024-12-29,2024-12-30,Winnellie,0,0.007985622320524138,0,0
2024-12-30,2024-12-31,Winnellie,0,0.004174620656492539,0,0
