date,station,observed_pm25_next_day,predicted_pm25_next_day,residual
2024-01-01,Palmerston,4.4437500000000005,4.654906420177815,-0.21115642017781422
2024-01-02,Palmerston,3.59125,5.176233535910669,-1.5849835359106685
2024-01-03,Palmerston,4.02375,4.133811533296873,-0.11006153329687329
2024-01-04,Palmerston,4.264583333333333,4.8246761577953,-0.5600928244619663
2024-01-05,Palmerston,3.5108333333333337,4.4570036657876235,-0.9461703324542898
2024-01-06,Palmerston,6.19625,3.9819421409268374,2.2143078590731626
2024-01-07,Palmerston,3.874166666666667,1.8563005845714624,2.0178660820952046
2024-01-08,Palmerston,1.2625,4.05183098604828,-2.78933098604828
2024-01-09,Palmerston,2.435833333333333,1.6669771790699697,0.7688561542633634
2024-01-10,Palmerston,1.4166666666666667,2.444027237583346,-1.0273605709166793
2024-01-11,Palmerston,1.4370833333333335,1.5054784700741983,-0.06839513674086484
2024-01-12,Palmerston,1.1604166666666669,1.333006267815727,-0.1725896011490602
2024-01-13,Palmerston,0.7929999999999999,1.0297771201239607,-0.2367771201239608
2024-01-14,Palmerston,3.712608695652174,0.7719144985905455,2.9406941970616285
2024-01-15,Palmerston,5.23625,2.709097004792133,2.5271529952078673
2024-01-16,Palmerston,4.847619047619047,3.917056762727955,0.9305622848910922
2024-01-17,Palmerston,5.309166666666667,4.504647014249331,0.8045196524173361
2024-01-18,Palmerston,4.4175,4.711124048331794,-0.293624048331794
2024-01-19,Palmerston,4.549166666666667,4.0263555820304635,0.5228110846362037
2024-01-20,Palmerston,3.97375,4.305105374161256,-0.33135537416125604
2024-01-21,Palmerston,6.950833333333333,4.11182329384293,2.839010039490403
2024-01-22,Palmerston,12.589166666666666,5.102049370366552,7.487117296300114
2024-01-23,Palmerston,3.901666666666667,9.258261141958485,-5.356594475291818
2024-01-24,Palmerston,3.48375,4.405838590202287,-0.9220885902022871
2024-01-25,Palmerston,2.0921052631578947,2.849168459081274,-0.7570631959233793
2024-02-06,Palmerston,3.76625,5.400314705906368,-1.634064705906368
2024-02-07,Palmerston,1.3975,3.777394304095984,-2.379894304095984
2024-02-08,Palmerston,2.9925,2.1159299932815525,0.8765700067184476
2024-02-09,Palmerston,2.4175,3.0472902009447225,-0.6297902009447225
2024-02-10,Palmerston,2.2875,2.998974832737864,-0.7114748327378639
2024-02-11,Palmerston,0.8654166666666666,2.2038871029179514,-1.338470436251285
2024-02-12,Palmerston,3.65875,1.0898515211213793,2.5688984788786207
2024-02-15,Palmerston,2.8229166666666665,5.24257510508554,-2.4196584384188733
2024-02-19,Palmerston,4.748095238095239,6.409391035154993,-1.6612957970597542
2024-02-20,Palmerston,7.264583333333333,4.5966377738358135,2.66794555949752
2024-02-21,Palmerston,7.346818181818182,6.122070336773123,1.2247478450450586
2024-02-22,Palmerston,8.266363636363637,6.179236542104395,2.087127094259243
2024-02-23,Palmerston,4.554166666666666,6.9484436660012765,-2.3942769993346102
2024-02-24,Palmerston,3.19375,4.522210709237731,-1.328460709237731
2024-02-25,Palmerston,2.270909090909091,3.314808864351723,-1.0438997734426319
2024-02-26,Palmerston,1.5814285714285714,2.4738444452874493,-0.8924158738588779
2024-02-27,Palmerston,1.3857142857142857,2.121756436450478,-0.7360421507361923
2024-02-28,Palmerston,2.8800000000000003,2.2097431383171067,0.6702568616828937
2024-02-29,Palmerston,3.85875,3.1620252089977043,0.6967247910022958
2024-03-01,Palmerston,3.88,4.00731296324198,-0.12731296324198027
2024-03-02,Palmerston,4.502083333333333,3.8865078535470756,0.6155754797862576
2024-03-03,Palmerston,1.8183333333333331,4.037696565864176,-2.219363232530843
2024-03-04,Palmerston,1.8695833333333336,2.664222659703225,-0.7946393263698914
2024-03-05,Palmerston,1.3658333333333337,2.5183263339390045,-1.1524930006056708
2024-03-06,Palmerston,1.0179166666666666,1.6600843117244608,-0.6421676450577942
2024-03-07,Palmerston,0.98375,1.525516199162782,-0.5417661991627819
2024-03-08,Palmerston,0.9279166666666666,1.7946553882994927,-0.8667387216328261
2024-03-09,Palmerston,1.71875,1.4378922357987438,0.2808577642012562
2024-03-10,Palmerston,0.66125,2.0064805977551856,-1.3452305977551857
2024-03-11,Palmerston,0.56875,1.493568644328648,-0.924818644328648
2024-03-12,Palmerston,0.7208333333333333,1.4170712019641467,-0.6962378686308134
2024-03-13,Palmerston,1.1995833333333332,1.2372033405532967,-0.0376200072199635
2024-03-14,Palmerston,1.512916666666667,1.5818803837842772,-0.06896371711761029
2024-03-15,Palmerston,3.268333333333333,1.8446429396502442,1.423690393683089
2024-03-16,Palmerston,3.22,3.3809077652753743,-0.1609077652753741
2024-03-17,Palmerston,3.955833333333333,3.4938863749045748,0.4619469584287583
2024-03-18,Palmerston,4.07,3.844923000653366,0.2250769993466344
2024-03-19,Palmerston,2.4562500000000003,4.552196520862679,-2.0959465208626784
2024-03-20,Palmerston,2.7116666666666664,3.2176340351632717,-0.5059673684966053
2024-03-21,Palmerston,2.5570833333333334,2.9036592050581067,-0.34657587172477333
2024-03-22,Palmerston,4.62,2.8861723821104137,1.7338276178895864
2024-03-23,Palmerston,7.990833333333334,4.391409905217516,3.5994234281158173
2024-03-24,Palmerston,6.7245833333333325,6.766561616939658,-0.041978283606325384
2024-03-25,Palmerston,6.3879166666666665,6.338673469749301,0.04924319691736567
2024-03-26,Palmerston,6.090833333333333,5.76591374827383,0.32491958505950347
2024-04-15,Palmerston,3.431666666666666,6.846949843269918,-3.415283176603252
2024-04-16,Palmerston,2.277083333333333,5.606129842193716,-3.3290465088603827
2024-04-17,Palmerston,1.2070833333333335,4.18419031277126,-2.9771069794379263
2024-04-18,Palmerston,5.192916666666666,3.2875839023142186,1.9053327643524476
2024-04-19,Palmerston,5.684166666666666,5.796418308499667,-0.11225164183300063
2024-04-20,Palmerston,6.279583333333334,7.7650398028590955,-1.4854564695257615
2024-04-21,Palmerston,4.88375,8.37093699310532,-3.487186993105319
2024-04-22,Palmerston,4.7595833333333335,8.002867306830769,-3.2432839734974355
2024-04-23,Palmerston,3.45125,6.022215857542112,-2.570965857542112
2024-04-24,Palmerston,1.7183333333333335,4.609056202369818,-2.890722869036484
2024-04-25,Palmerston,2.7412499999999995,3.982877807914889,-1.2416278079148895
2024-04-26,Palmerston,6.429583333333333,5.0403383027765365,1.389245030556797
2024-04-27,Palmerston,8.417916666666667,8.209349062025701,0.20856760464096524
2024-04-28,Palmerston,7.96,10.950034593973248,-2.990034593973248
2024-04-29,Palmerston,5.503333333333334,9.17712080227147,-3.6737874689381353
2024-04-30,Palmerston,3.0941666666666663,7.065707131151922,-3.9715404644852557
2024-05-01,Palmerston,4.527916666666667,5.655477122302307,-1.1275604556356402
2024-05-02,Palmerston,6.5675,7.548422568924139,-0.9809225689241394
2024-05-03,Palmerston,5.465833333333333,8.75331182452292,-3.287478491189586
2024-05-04,Palmerston,5.739166666666667,9.14393337699601,-3.4047667103293433
2024-05-05,Palmerston,5.40625,7.9565742837100935,-2.5503242837100935
2024-05-06,Palmerston,5.701904761904761,8.731657795584777,-3.0297530336800156
2024-05-07,Palmerston,7.110416666666667,8.774208259780679,-1.663791593114012
2024-05-08,Palmerston,6.349583333333334,9.419635139785726,-3.0700518064523914
2024-05-09,Palmerston,7.43875,8.172953219045837,-0.7342032190458374
2024-05-10,Palmerston,23.861666666666665,8.612659552969237,15.249007113697427
2024-05-11,Palmerston,12.59125,21.546023113325862,-8.954773113325862
2024-05-12,Palmerston,9.47608695652174,14.67478923906307,-5.19870228254133
2024-05-13,Palmerston,8.556666666666667,10.680105215363914,-2.123438548697248
2024-05-14,Palmerston,14.204736842105262,11.906297475873629,2.2984393662316336
2024-05-20,Palmerston,24.63125,11.670624212094937,12.960625787905064
2024-05-21,Palmerston,27.29458333333333,23.086678599982736,4.207904733350592
2024-05-22,Palmerston,24.25208333333333,24.632762816147693,-0.3806794828143616
2024-05-23,Palmerston,13.93125,20.562222876584734,-6.6309728765847336
2024-05-24,Palmerston,5.497083333333333,12.886263669864316,-7.389180336530983
2024-05-25,Palmerston,6.617083333333333,9.265892721937034,-2.6488093886037003
2024-05-26,Palmerston,11.903333333333334,8.256118203088302,3.6472151302450317
2024-05-27,Palmerston,12.305416666666666,12.737518187599044,-0.4321015209323775
2024-05-28,Palmerston,6.877916666666667,12.934554686119238,-6.0566380194525715
2024-05-29,Palmerston,3.750833333333333,8.702373668845945,-4.951540335512613
2024-05-30,Palmerston,17.25875,6.1373710719267365,11.121378928073263
2024-05-31,Palmerston,13.80375,11.260646363724012,2.5431036362759887
2024-06-01,Palmerston,15.0325,12.686878095205394,2.3456219047946067
2024-06-02,Palmerston,9.70875,14.074462418957797,-4.365712418957797
2024-06-03,Palmerston,20.37666666666667,10.290797453051496,10.085869213615172
2024-06-04,Palmerston,11.38375,16.008406198507192,-4.624656198507193
2024-06-05,Palmerston,8.340416666666668,14.756728309424908,-6.41631164275824
2024-06-06,Palmerston,19.805416666666662,14.313109355380517,5.492307311286146
2024-06-07,Palmerston,27.18,16.992763240826235,10.187236759173764
2024-06-08,Palmerston,20.655416666666667,24.205545985333217,-3.5501293186665492
2024-06-09,Palmerston,13.523333333333332,22.24669921636702,-8.723365883033688
2024-06-10,Palmerston,10.597916666666666,16.05589671488359,-5.457980048216925
2024-06-11,Palmerston,11.765714285714289,13.224233049325347,-1.4585187636110586
2024-06-13,Palmerston,15.89625,10.14489999589012,5.751350004109881
2024-06-14,Palmerston,19.808333333333334,16.418610112115537,3.389723221217796
2024-06-15,Palmerston,19.81125,21.077592935745848,-1.2663429357458469
2024-06-16,Palmerston,21.49833333333333,20.55516941305276,0.9431639202805719
2024-06-17,Palmerston,26.142916666666668,19.46705421040008,6.675862456266589
2024-06-18,Palmerston,24.609166666666667,21.242852313482196,3.366314353184471
2024-06-19,Palmerston,25.27833333333333,23.87884610062995,1.399487232703379
2024-06-20,Palmerston,27.249166666666667,23.898825249708977,3.35034141695769
2024-06-21,Palmerston,18.81583333333333,25.88500962302411,-7.06917628969078
2024-06-22,Palmerston,10.22125,19.720585286027443,-9.499335286027444
2024-06-27,Palmerston,15.869583333333331,10.211011707495855,5.658571625837476
2024-06-28,Palmerston,19.106666666666666,13.901766045705646,5.20490062096102
2024-06-29,Palmerston,11.01,16.484806488420602,-5.474806488420603
2024-06-30,Palmerston,17.0,13.581468672026254,3.4185313279737457
2024-07-01,Palmerston,11.7875,14.448139627589814,-2.6606396275898145
2024-07-02,Palmerston,9.69125,13.908057420526664,-4.2168074205266635
2024-07-03,Palmerston,14.00875,12.162511488743577,1.8462385112564217
2024-07-04,Palmerston,12.384583333333332,18.94650244891698,-6.561919115583649
2024-07-05,Palmerston,27.812083333333334,16.94599615946156,10.866087173871772
2024-07-06,Palmerston,16.322083333333335,22.152163592877606,-5.830080259544271
2024-07-07,Palmerston,5.6325,19.667679095786436,-14.035179095786436
2024-07-08,Palmerston,5.434583333333333,9.8247612982429,-4.390177964909566
2024-07-09,Palmerston,7.96125,7.940554729553461,0.02069527044653885
2024-07-10,Palmerston,9.295416666666666,9.393331385493916,-0.09791471882724956
2024-07-11,Palmerston,8.72375,10.976471904303395,-2.252721904303394
2024-07-12,Palmerston,11.198333333333332,10.818669937118708,0.3796633962146245
2024-07-13,Palmerston,19.754583333333333,11.862531109409002,7.892052223924331
2024-07-14,Palmerston,10.651666666666666,17.659568992059945,-7.00790232539328
2024-07-15,Palmerston,8.9475,13.371576757986738,-4.424076757986738
2024-07-16,Palmerston,10.04375,10.551979757575324,-0.5082297575753252
2024-07-17,Palmerston,22.615416666666665,17.348935760886942,5.266480905779723
2024-07-18,Palmerston,19.46375,25.94160292116055,-6.477852921160547
2024-07-19,Palmerston,16.812083333333334,22.212899687044803,-5.40081635371147
2024-07-20,Palmerston,38.173750000000005,18.850417751978153,19.323332248021853
2024-07-21,Palmerston,18.815416666666668,25.571370120077,-6.755953453410331
2024-07-25,Palmerston,9.416666666666666,9.00268829528859,0.4139783713780769
2024-07-26,Palmerston,9.52875,10.230491232585132,-0.7017412325851318
2024-07-27,Palmerston,19.1875,10.98494998480119,8.20255001519881
2024-07-28,Palmerston,12.360833333333334,15.102128740447474,-2.7412954071141407
2024-07-29,Palmerston,18.430833333333336,14.993971044847637,3.436862288485699
2024-07-30,Palmerston,8.23875,17.90300311204257,-9.66425311204257
2024-07-31,Palmerston,14.874166666666667,13.597241863216638,1.2769248034500293
2024-08-01,Palmerston,11.29,12.822236547193956,-1.532236547193957
2024-08-02,Palmerston,9.5,14.522714387263445,-5.022714387263445
2024-08-03,Palmerston,9.068333333333332,12.745322841340162,-3.67698950800683
2024-08-04,Palmerston,9.96,11.871456847705483,-1.911456847705482
2024-08-05,Palmerston,16.294583333333332,11.785737815002474,4.508845518330858
2024-08-06,Palmerston,24.354166666666668,14.310544365336238,10.04362230133043
2024-08-07,Palmerston,20.64708333333333,20.651486706952646,-0.004403373619314976
2024-08-08,Palmerston,13.5425,21.988773473216003,-8.446273473216003
2024-08-13,Palmerston,17.81625,10.647858993652877,7.1683910063471235
2024-08-14,Palmerston,12.691250000000002,16.88123821961122,-4.189988219611218
2024-08-15,Palmerston,23.03,15.067322069835196,7.962677930164805
2024-08-16,Palmerston,20.480833333333333,19.19298784727063,1.2878454860627038
2024-08-17,Palmerston,16.18625,19.616731855894205,-3.430481855894204
2024-08-18,Palmerston,11.97375,16.587668354321583,-4.613918354321582
2024-08-19,Palmerston,11.669583333333334,14.190390400039597,-2.520807066706263
2024-08-20,Palmerston,20.61,13.478728415463678,7.1312715845363215
2024-08-21,Palmerston,8.442916666666667,15.074576224763762,-6.631659558097095
2024-08-22,Palmerston,9.290833333333332,11.092110205727272,-1.8012768723939399
2024-08-23,Palmerston,6.654583333333334,10.63709792895322,-3.982514595619887
2024-08-24,Palmerston,10.00125,9.095680055687033,0.9055699443129672
2024-08-27,Palmerston,13.660833333333334,9.679926092974815,3.980907240358519
2024-08-28,Palmerston,7.135416666666667,14.79760424416575,-7.6621875774990835
2024-08-29,Palmerston,6.072500000000001,11.949156110012794,-5.876656110012793
2024-08-30,Palmerston,7.388333333333333,8.927564177667106,-1.5392308443337734
2024-08-31,Palmerston,6.492916666666667,9.225524701360463,-2.732608034693796
2024-09-01,Palmerston,7.39875,9.696250699754744,-2.2975006997547442
2024-09-02,Palmerston,56.73125,9.940329365283295,46.790920634716706
2024-09-03,Palmerston,7.811666666666666,23.00841463371046,-15.196747967043793
2024-09-04,Palmerston,14.679166666666667,17.712982466153534,-3.0338157994868666
2024-09-05,Palmerston,8.554583333333333,13.595909585756125,-5.041326252422792
2024-09-06,Palmerston,9.0225,11.922554946356279,-2.9000549463562777
2024-09-07,Palmerston,13.276666666666666,11.310233049397782,1.9664336172688834
2024-09-08,Palmerston,16.330000000000002,15.692365161579964,0.6376348384200377
2024-09-09,Palmerston,7.96375,18.40480573821528,-10.44105573821528
2024-09-10,Palmerston,9.589166666666666,15.54254531140269,-5.953378644736025
2024-09-11,Palmerston,15.484583333333331,12.798440902885437,2.6861424304478945
2024-09-12,Palmerston,34.55166666666667,16.79644443874526,17.755222227921408
2024-09-13,Palmerston,28.355833333333333,25.672182763956858,2.683650569376475
2024-09-14,Palmerston,15.996666666666668,27.165563998897767,-11.168897332231099
2024-09-15,Palmerston,12.6605,17.85940419908214,-5.198904199082138
2024-09-16,Palmerston,6.899166666666666,13.863492677197883,-6.964326010531217
2024-09-17,Palmerston,4.59625,9.445645699360101,-4.849395699360101
2024-09-18,Palmerston,2.7808333333333333,8.610472688998964,-5.8296393556656305
2024-09-19,Palmerston,5.749583333333334,6.794549814495815,-1.044966481162481
2024-09-20,Palmerston,3.327916666666667,7.64232385892561,-4.314407192258943
2024-09-21,Palmerston,5.22375,6.303587649220794,-1.079837649220794
2024-09-22,Palmerston,7.296250000000001,7.446044218543362,-0.14979421854336117
2024-09-23,Palmerston,4.79625,9.36574777126911,-4.56949777126911
2024-09-24,Palmerston,6.291250000000001,8.182914872294038,-1.8916648722940375
2024-09-25,Palmerston,5.996666666666666,8.917348219789465,-2.920681553122799
2024-09-26,Palmerston,7.38375,8.499078161699485,-1.1153281616994848
2024-09-27,Palmerston,8.542083333333332,8.82210536597121,-0.28002203263787706
2024-09-28,Palmerston,10.167916666666668,9.399810948689138,0.7681057179775301
2024-09-29,Palmerston,11.280416666666667,10.731436442175037,0.5489802244916309
2024-09-30,Palmerston,14.57625,13.041915296828318,1.534334703171682
2024-10-01,Palmerston,12.914166666666668,14.306522129301548,-1.39235546263488
2024-10-02,Palmerston,10.875416666666666,15.117921254408753,-4.242504587742086
2024-10-03,Palmerston,9.655416666666666,12.485619460425543,-2.830202793758877
2024-10-04,Palmerston,9.750833333333334,12.219303186778752,-2.468469853445418
2024-10-05,Palmerston,10.955833333333333,11.164981471197425,-0.20914813786409248
2024-10-06,Palmerston,12.050416666666663,12.166006267582663,-0.11558960091599957
2024-10-07,Palmerston,10.709583333333333,14.156423279022741,-3.4468399456894083
2024-10-08,Palmerston,9.612916666666669,11.262107410699125,-1.649190744032456
2024-10-09,Palmerston,11.6175,11.033795820676595,0.583704179323405
2024-10-10,Palmerston,13.283181818181818,11.796446925168377,1.4867348930134412
2024-10-11,Palmerston,12.045,13.314528878578118,-1.269528878578118
2024-10-12,Palmerston,9.1375,12.62752427615561,-3.4900242761556104
2024-10-13,Palmerston,10.588333333333331,10.813379415145068,-0.2250460818117368
2024-10-14,Palmerston,9.38625,11.274512515559337,-1.8882625155593367
2024-10-15,Palmerston,11.32875,10.355758407014386,0.972991592985613
2024-10-16,Palmerston,7.779166666666666,11.291687372131106,-3.51252070546444
2024-10-17,Palmerston,7.664583333333333,9.53810009227149,-1.8735167589381572
2024-10-18,Palmerston,9.210833333333332,9.109572259245715,0.10126107408761698
2024-10-19,Palmerston,6.505416666666666,10.05299310610384,-3.547576439437173
2024-10-20,Palmerston,5.397916666666667,8.437125827211355,-3.0392091605446883
2024-10-21,Palmerston,6.1375,7.358658414809748,-1.2211584148097474
2024-10-22,Palmerston,7.051666666666667,7.446353340359792,-0.3946866736931254
2024-10-23,Palmerston,7.195833333333333,8.171633452323702,-0.9758001189903691
2024-10-24,Palmerston,6.304166666666667,8.651319356206125,-2.347152689539458
2024-10-25,Palmerston,9.684166666666666,7.772443710472459,1.9117229561942075
2024-10-26,Palmerston,9.26375,9.429729901684889,-0.16597990168488863
2024-10-27,Palmerston,8.687083333333334,10.009670552633189,-1.3225872192998551
2024-10-28,Palmerston,5.4504166666666665,9.92416635957131,-4.473749692904643
2024-10-29,Palmerston,3.627083333333333,7.9386794635868,-4.311596130253466
2024-10-30,Palmerston,4.6970833333333335,6.065296563246877,-1.3682132299135432
2024-10-31,Palmerston,3.7716666666666665,6.310245518820028,-2.5385788521533614
2024-11-01,Palmerston,5.915,5.477815397198609,0.43718460280139126
2024-11-02,Palmerston,6.785,6.679442455525022,0.10555754447497812
2024-11-03,Palmerston,6.301904761904762,7.8723565590924585,-1.5704517971876966
2024-11-04,Palmerston,8.170416666666666,7.44137968728729,0.7290369793793765
2024-11-05,Palmerston,8.278333333333334,8.827727503923358,-0.5493941705900234
2024-11-06,Palmerston,2.7275,8.839479687086735,-6.111979687086735
2024-11-07,Palmerston,4.361666666666666,5.372982999226062,-1.011316332559396
2024-11-08,Palmerston,5.654583333333334,5.453065004600202,0.20151832873313236
2024-11-09,Palmerston,11.006666666666666,8.439819347151778,2.5668473195148884
2024-11-10,Palmerston,3.1665217391304346,7.70179159716086,-4.535269858030426
2024-11-11,Palmerston,12.417083333333332,7.175241431152832,5.2418419021805
2024-11-12,Palmerston,10.009166666666667,11.48051687850418,-1.4713502118375121
2024-11-13,Palmerston,10.91625,10.96011714278477,-0.04386714278476944
2024-11-14,Palmerston,9.2225,9.996924801321958,-0.7744248013219579
2024-11-15,Palmerston,9.745416666666667,10.109984049942351,-0.36456738327568416
2024-11-16,Palmerston,8.116666666666667,9.339354173934113,-1.2226875072674463
2024-11-17,Palmerston,6.230833333333333,8.93294578576561,-2.702112452432276
2024-11-20,Palmerston,7.6575,7.015258257984941,0.6422417420150586
2024-11-21,Palmerston,6.204166666666667,7.890042815558288,-1.6858761488916212
2024-11-22,Palmerston,6.261666666666667,6.859332005104035,-0.597665338437368
2024-11-23,Palmerston,5.253333333333333,6.18518748504415,-0.9318541517108168
2024-11-24,Palmerston,4.37,6.039711863488342,-1.6697118634883417
2024-11-27,Palmerston,1.805416666666667,6.341532743768633,-4.536116077101966
2024-11-28,Palmerston,4.469166666666667,3.518653625161461,0.9505130415052063
2024-11-29,Palmerston,3.4379166666666667,4.6149702364429,-1.1770535697762337
2024-11-30,Palmerston,2.07625,4.645654435149425,-2.5694044351494254
2024-12-01,Palmerston,3.938333333333333,3.6078093892851433,0.33052394404818974
2024-12-02,Palmerston,2.115,4.022156310843993,-1.9071563108439928
2024-12-03,Palmerston,2.532083333333333,3.2657659045722536,-0.7336825712389206
2024-12-04,Palmerston,2.5733333333333333,3.6401312776022667,-1.0667979442689335
2024-12-05,Palmerston,1.3275,3.5162496063686346,-2.188749606368635
2024-12-06,Palmerston,1.78625,2.9803042835226172,-1.1940542835226173
2024-12-07,Palmerston,0.95,2.8607753624926096,-1.9107753624926096
2024-12-08,Palmerston,1.2958333333333334,2.673606420771998,-1.3777730874386647
2024-12-09,Palmerston,0.8975,3.105297066843554,-2.207797066843554
2024-12-10,Palmerston,2.0058333333333334,2.7529358004665205,-0.7471024671331872
2024-12-11,Palmerston,1.0891666666666666,3.3447403773068807,-2.2555737106402143
2024-12-12,Palmerston,2.7445833333333334,2.400351751884095,0.34423158144923827
2024-12-13,Palmerston,2.76375,3.4416319591114375,-0.6778819591114376
2024-12-14,Palmerston,3.18625,3.2895883295641806,-0.10333832956418076
2024-12-15,Palmerston,2.0086363636363638,3.4034962345068704,-1.3948598708705067
2024-12-16,Palmerston,2.475416666666667,3.108457711884137,-0.6330410452174702
2024-12-17,Palmerston,2.049166666666667,2.9595218673998227,-0.9103552007331559
2024-12-18,Palmerston,1.7141666666666666,3.329515578510354,-1.6153489118436875
2024-12-19,Palmerston,1.2554166666666666,3.2680133372187576,-2.012596670552091
2024-12-20,Palmerston,1.9866666666666664,2.759227033587038,-0.7725603669203718
2024-12-21,Palmerston,3.0029166666666662,3.5834135842181416,-0.5804969175514754
2024-12-22,Palmerston,2.5458333333333334,3.8045078186531462,-1.2586744853198129
2024-12-23,Palmerston,2.40875,3.7428230651288485,-1.3340730651288486
2024-12-24,Palmerston,1.5179166666666666,3.610171041255388,-2.0922543745887214
2024-12-25,Palmerston,3.0841666666666665,3.0328973792173297,0.05126928744933679
2024-12-26,Palmerston,4.60375,3.677168154073219,0.9265818459267807
2024-12-27,Palmerston,3.675,4.553490492200754,-0.8784904922007541
2024-01-01,Stokes Hill,5.582916666666667,5.761805681988978,-0.17888901532231127
2024-01-02,Stokes Hill,5.912916666666667,5.361993864964762,0.5509228017019048
2024-01-03,Stokes Hill,5.9725,4.360726981902228,1.6117730180977725
2024-01-04,Stokes Hill,6.597916666666666,5.175804989080492,1.4221116775861748
2024-01-05,Stokes Hill,5.820833333333333,5.159542430983036,0.6612909023502969
2024-01-06,Stokes Hill,5.403333333333333,5.000306603999901,0.4030267293334324
2024-01-07,Stokes Hill,4.405,4.359181165385456,0.04581883461454428
2024-01-08,Stokes Hill,3.1333333333333333,3.4485454933412747,-0.3152121600079414
2024-01-09,Stokes Hill,3.8504166666666655,2.1524149598901694,1.698001706776496
2024-01-10,Stokes Hill,3.1437500000000003,2.4528037748870144,0.6909462251129859
2024-01-11,Stokes Hill,4.264583333333333,1.9176432533291425,2.346940080004191
2024-01-12,Stokes Hill,4.930416666666667,2.2641074402963177,2.666309226370349
2024-01-13,Stokes Hill,5.073333333333333,2.9163367137175316,2.1569966196158017
2024-01-14,Stokes Hill,9.59375,3.0762033609990844,6.517546639000916
2024-01-15,Stokes Hill,13.14125,5.820036352619821,7.321213647380178
2024-01-16,Stokes Hill,11.35875,8.384834080945543,2.9739159190544573
2024-01-17,Stokes Hill,8.745833333333334,8.09757773100464,0.6482556023286943
2024-01-18,Stokes Hill,7.198333333333333,6.324307844239138,0.874025489094195
2024-01-19,Stokes Hill,6.925833333333333,4.946119459882408,1.9797138734509252
2024-01-20,Stokes Hill,6.12,4.674807208719994,1.4451927912800064
2024-01-21,Stokes Hill,8.766250000000001,4.512070047851502,4.254179952148499
2024-01-22,Stokes Hill,14.507916666666668,5.284642931688675,9.223273734977994
2024-01-23,Stokes Hill,5.589166666666666,9.496508822111489,-3.907342155444822
2024-01-24,Stokes Hill,4.233333333333333,4.6060190892067805,-0.3726857558734471
2024-01-25,Stokes Hill,5.051666666666667,2.394696323561096,2.656970343105571
2024-01-26,Stokes Hill,4.18125,3.111152733136713,1.0700972668632875
2024-01-27,Stokes Hill,4.160416666666666,2.424736046076962,1.7356806205897044
2024-01-28,Stokes Hill,4.752916666666667,2.4487297579207477,2.304186908745919
2024-01-29,Stokes Hill,4.25125,3.313375169891631,0.9378748301083686
2024-01-30,Stokes Hill,4.4975,2.7728598948869463,1.7246401051130533
2024-01-31,Stokes Hill,3.7475,3.0379952833572617,0.7095047166427384
2024-02-01,Stokes Hill,7.39125,2.712688600080372,4.678561399919628
2024-02-02,Stokes Hill,7.544166666666666,4.64083410335088,2.903332563315786
2024-02-03,Stokes Hill,5.125,5.243861274299981,-0.11886127429998083
2024-02-04,Stokes Hill,5.076666666666667,4.031216677122462,1.0454499895442053
2024-02-05,Stokes Hill,5.8775,3.7567531628238253,2.120746837176175
2024-02-06,Stokes Hill,6.065,4.190857176821611,1.8741428231783894
2024-02-07,Stokes Hill,3.19125,4.331707927948649,-1.140457927948649
2024-02-08,Stokes Hill,3.932083333333333,3.0394208048481444,0.8926625284851886
2024-02-09,Stokes Hill,3.0966666666666662,2.9463311858716805,0.1503354807949857
2024-02-10,Stokes Hill,3.1916666666666664,2.4046550419021493,0.7870116247645171
2024-02-11,Stokes Hill,2.0362500000000003,2.0803980325542355,-0.04414803255423516
2024-02-12,Stokes Hill,5.229166666666667,1.1046856443486588,4.124481022318008
2024-02-13,Stokes Hill,3.652083333333333,2.58665038589102,1.065432947442313
2024-02-14,Stokes Hill,2.61375,2.4712452063057224,0.1425047936942776
2024-02-15,Stokes Hill,4.87375,1.7292480874176164,3.144501912582384
2024-02-16,Stokes Hill,6.7245833333333325,2.961209929503074,3.7633734038302586
2024-02-17,Stokes Hill,6.887083333333333,4.1542572751054445,2.7328260582278885
2024-02-18,Stokes Hill,6.603333333333333,4.825373267087308,1.7779600662460249
2024-02-19,Stokes Hill,6.620833333333334,4.7414786893253105,1.879354644008023
2024-02-20,Stokes Hill,9.026666666666667,4.791347567498506,4.235319099168161
2024-02-21,Stokes Hill,7.92625,6.485590743392246,1.4406592566077538
2024-02-22,Stokes Hill,9.385833333333332,5.859214916762762,3.52661841657057
2024-02-23,Stokes Hill,7.11625,6.550407923243093,0.5658420767569066
2024-02-24,Stokes Hill,4.698333333333333,4.937521476339027,-0.2391881430056939
2024-02-25,Stokes Hill,3.92625,3.157264905886481,0.768985094113519
2024-02-26,Stokes Hill,2.333333333333333,2.4570209578911424,-0.12368762455780935
2024-02-27,Stokes Hill,3.752916666666667,1.6062442069976077,2.1466724596690594
2024-02-28,Stokes Hill,5.363333333333333,2.6325599586794004,2.730773374653933
2024-02-29,Stokes Hill,4.652083333333334,3.9820553386936846,0.670027994639649
2024-03-01,Stokes Hill,6.730833333333333,3.5963961521530416,3.1344371811802914
2024-03-02,Stokes Hill,6.399583333333333,4.462104305596107,1.9374790277372265
2024-03-03,Stokes Hill,3.2691666666666666,4.573460942493397,-1.3042942758267304
2024-03-04,Stokes Hill,2.6741666666666664,3.0013784803074675,-0.3272118136408011
2024-03-05,Stokes Hill,1.6820833333333332,1.9150716456652583,-0.23298831233192518
2024-03-06,Stokes Hill,1.925,1.1064766860052115,0.8185233139947885
2024-03-07,Stokes Hill,1.7645833333333334,1.0967237922277437,0.6678595411055896
2024-03-08,Stokes Hill,2.0704166666666666,1.316541002197721,0.7538756644689455
2024-03-14,Stokes Hill,4.873333333333334,5.415298655221102,-0.5419653218877682
2024-03-15,Stokes Hill,5.27375,3.0453069369111754,2.2284430630888243
2024-03-16,Stokes Hill,6.765833333333333,3.258029703027879,3.507803630305454
2024-03-17,Stokes Hill,7.095833333333334,4.52659729631143,2.569236037021904
2024-03-18,Stokes Hill,7.0625,4.810179035140331,2.2523209648596687
2024-03-19,Stokes Hill,6.31,5.264982970557295,1.0450170294427048
2024-03-20,Stokes Hill,5.60125,4.522739429701659,1.0785105702983415
2024-03-21,Stokes Hill,6.097083333333334,3.5194983243821296,2.5775850089512042
2024-03-22,Stokes Hill,8.873333333333333,3.968555737599032,4.904777595734301
2024-03-26,Stokes Hill,9.941666666666666,5.415298655221102,4.526368011445564
2024-03-27,Stokes Hill,4.56125,6.870218215693469,-2.3089682156934686
2024-03-28,Stokes Hill,5.16875,4.622195190192285,0.5465548098077155
2024-03-29,Stokes Hill,4.816666666666666,3.5986610863990682,1.2180055802675982
2024-03-30,Stokes Hill,4.7,3.566383458270926,1.133616541729074
2024-03-31,Stokes Hill,3.224166666666666,3.3789452504520776,-0.15477858378541143
2024-04-01,Stokes Hill,3.794166666666667,3.0872445143299743,0.7069221523366926
2024-04-02,Stokes Hill,5.49625,3.216866541203977,2.2793834587960227
2024-04-03,Stokes Hill,4.79375,4.674762971407018,0.11898702859298194
2024-04-04,Stokes Hill,7.867083333333333,4.622150141746603,3.24493319158673
2024-04-05,Stokes Hill,9.002083333333333,6.740947990787227,2.2611353425461065
2024-04-06,Stokes Hill,7.795416666666667,8.206980920753617,-0.41156425408694997
2024-04-07,Stokes Hill,7.829999999999999,7.2233200647317055,0.6066799352682937
2024-04-08,Stokes Hill,8.487916666666667,7.700379927903006,0.7875367387636611
2024-04-09,Stokes Hill,9.47125,8.46913353596705,1.0021164640329498
2024-04-10,Stokes Hill,11.271666666666668,9.366156012244774,1.905510654421894
2024-04-11,Stokes Hill,6.280833333333334,10.54034263394152,-4.259509300608187
2024-04-12,Stokes Hill,6.334583333333334,6.732522270271234,-0.3979389369379005
2024-04-13,Stokes Hill,6.576666666666667,5.803688536446024,0.7729781302206433
2024-04-14,Stokes Hill,5.40125,6.221334592245568,-0.8200845922455677
2024-04-15,Stokes Hill,6.549047619047619,5.438047627748148,1.1109999912994715
2024-04-16,Stokes Hill,6.76625,6.1381520996691865,0.6280979003308138
2024-04-17,Stokes Hill,5.530833333333334,6.42659379892309,-0.8957604655897562
2024-04-18,Stokes Hill,9.1625,5.416153581477493,3.7463464185225064
2024-04-19,Stokes Hill,10.7425,7.597104135888605,3.1453958641113946
2024-04-20,Stokes Hill,8.297500000000001,9.661167950595292,-1.363667950595291
2024-04-21,Stokes Hill,8.28,8.727725179087464,-0.447725179087465
2024-04-22,Stokes Hill,9.942916666666669,8.97640426124371,0.966512405422959
2024-04-23,Stokes Hill,7.390416666666667,8.573968118719627,-1.18355145205296
2024-04-24,Stokes Hill,5.379583333333333,6.571292918185231,-1.191709584851898
2024-04-25,Stokes Hill,5.425833333333333,5.414803244903791,0.011030088429542673
2024-04-26,Stokes Hill,9.552916666666668,5.667234454833367,3.885682211833301
2024-04-27,Stokes Hill,12.662083333333332,8.540765894558486,4.121317438774845
2024-04-28,Stokes Hill,10.454583333333334,11.80645889017369,-1.3518755568403567
2024-04-29,Stokes Hill,8.724583333333333,10.480792729570748,-1.7562093962374146
2024-04-30,Stokes Hill,7.36625,8.83340895285669,-1.46715895285669
2024-05-01,Stokes Hill,9.300833333333332,7.332682381009892,1.9681509523234393
2024-05-02,Stokes Hill,10.985,10.105639510205249,0.8793604897947507
2024-05-03,Stokes Hill,8.924999999999999,11.159235323368696,-2.234235323368697
2024-05-04,Stokes Hill,9.777916666666666,9.821058847685114,-0.0431421810184478
2024-05-05,Stokes Hill,10.91875,9.529178132151742,1.3895718678482574
2024-05-06,Stokes Hill,11.255833333333332,10.885175884331066,0.37065744900226605
2024-05-07,Stokes Hill,13.391666666666666,11.834249204079121,1.5574174625875443
2024-05-08,Stokes Hill,9.04818181818182,13.357610098819988,-4.309428280638167
2024-05-09,Stokes Hill,14.173333333333334,9.724857118279328,4.448476215054006
2024-05-10,Stokes Hill,24.85375,11.411886975370654,13.441863024629347
2024-05-11,Stokes Hill,17.358333333333334,18.455425710611507,-1.097092377278173
2024-05-12,Stokes Hill,14.532083333333333,16.503194888308606,-1.9711115549752734
2024-05-13,Stokes Hill,14.363333333333332,13.236720832666265,1.1266125006670666
2024-05-14,Stokes Hill,18.3125,15.212269721265205,3.100230278734795
2024-05-15,Stokes Hill,18.105833333333333,17.648301326270285,0.45753200706304753
2024-05-16,Stokes Hill,16.33791666666667,17.09956010550682,-0.761643438840153
2024-05-17,Stokes Hill,20.695833333333333,14.467415632735744,6.228417700597589
2024-05-18,Stokes Hill,19.57208333333333,17.97215696954614,1.5999263637871906
2024-05-19,Stokes Hill,21.501666666666665,20.484088397722964,1.0175782689437014
2024-05-20,Stokes Hill,27.74375,23.336289854111918,4.407460145888081
2024-05-21,Stokes Hill,29.245833333333334,24.868472732085365,4.377360601247968
2024-05-22,Stokes Hill,31.438333333333333,23.01217196062862,8.426161372704712
2024-05-23,Stokes Hill,22.324166666666667,23.369185794013852,-1.0450191273471852
2024-05-24,Stokes Hill,9.24125,17.14701932927603,-7.90576932927603
2024-05-25,Stokes Hill,10.385,10.799226008394752,-0.41422600839475265
2024-05-26,Stokes Hill,14.591666666666669,9.06196998934227,5.529696677324399
2024-05-27,Stokes Hill,16.60375,13.48652027881409,3.117229721185911
2024-05-28,Stokes Hill,10.78375,13.890661145867337,-3.106911145867338
2024-05-29,Stokes Hill,7.1875,9.956842548754112,-2.7693425487541123
2024-05-30,Stokes Hill,10.499583333333334,7.032191973436086,3.467391359897248
2024-05-31,Stokes Hill,14.027499999999998,8.322817087143344,5.704682912856654
2024-06-01,Stokes Hill,16.84875,11.744360128313486,5.104389871686513
2024-06-02,Stokes Hill,11.867916666666666,14.216997130026366,-2.3490804633596998
2024-06-03,Stokes Hill,38.31916666666667,11.000989511237355,27.31817715542931
2024-06-04,Stokes Hill,14.832916666666668,20.720182475152342,-5.887265808485674
2024-06-05,Stokes Hill,11.962083333333332,17.70050877991533,-5.738425446581999
2024-06-06,Stokes Hill,24.521666666666665,14.39484760800388,10.126819058662784
2024-06-07,Stokes Hill,33.875416666666666,19.43155782316968,14.443858843496987
2024-06-08,Stokes Hill,20.710416666666667,24.764168844410086,-4.053752177743419
2024-06-09,Stokes Hill,15.715416666666668,20.592006471262668,-4.876589804596
2024-06-10,Stokes Hill,17.741666666666667,15.390681871420854,2.3509847952458127
2024-06-11,Stokes Hill,15.699583333333337,14.798560766476392,0.9010225668569447
2024-06-12,Stokes Hill,27.83875,13.438763842204242,14.399986157795759
2024-06-13,Stokes Hill,18.046666666666667,19.94361476477524,-1.8969480981085738
2024-06-14,Stokes Hill,29.749166666666667,18.80752963711552,10.94163702955115
2024-06-15,Stokes Hill,19.770416666666662,23.496139718877025,-3.7257230522103626
2024-06-16,Stokes Hill,30.45833333333333,20.187308447904094,10.271024885429235
2024-06-17,Stokes Hill,25.09708333333333,20.775975182635168,4.321108150698162
2024-06-18,Stokes Hill,22.30458333333333,20.759208827779315,1.5453745055540153
2024-06-19,Stokes Hill,24.684166666666663,19.64073018525056,5.0434364814161015
2024-06-20,Stokes Hill,26.04125,20.93553103891255,5.105718961087451
2024-06-21,Stokes Hill,22.041666666666668,23.89153913940849,-1.849872472741822
2024-06-22,Stokes Hill,15.689583333333331,20.363736823968914,-4.674153490635582
2024-06-23,Stokes Hill,16.31125,16.62142515364616,-0.3101751536461599
2024-06-24,Stokes Hill,23.070416666666663,15.357600962613915,7.712815704052748
2024-06-25,Stokes Hill,48.777142857142856,19.26617232805362,29.510970529089235
2024-06-26,Stokes Hill,44.89416666666667,29.875201297038632,15.018965369628038
2024-06-27,Stokes Hill,21.074583333333333,28.9476757233678,-7.8730923900344685
2024-06-28,Stokes Hill,32.33416666666667,18.898749838543942,13.435416828122726
2024-06-29,Stokes Hill,15.935,17.448497673736895,-1.5134976737368948
2024-06-30,Stokes Hill,12.584166666666668,16.403418559749383,-3.819251893082715
2024-07-01,Stokes Hill,12.61375,12.218168737822783,0.3955812621772168
2024-07-02,Stokes Hill,8.855416666666667,13.711882502666167,-4.856465835999501
2024-07-03,Stokes Hill,11.657916666666669,11.815742992952153,-0.157826326285484
2024-07-08,Stokes Hill,11.934166666666668,7.546872783570218,4.38729388309645
2024-07-09,Stokes Hill,13.557916666666666,9.054489858151323,4.503426808515343
2024-07-10,Stokes Hill,14.33625,11.250811290697431,3.0854387093025686
2024-07-11,Stokes Hill,16.92625,12.919433985877227,4.006816014122773
2024-07-12,Stokes Hill,15.03125,14.477266775165031,0.553983224834969
2024-07-13,Stokes Hill,26.27583333333333,13.908646904648197,12.367186428685134
2024-07-14,Stokes Hill,18.015833333333333,20.474108898251515,-2.458275564918182
2024-07-15,Stokes Hill,14.370416666666666,16.843469876439652,-2.4730532097729867
2024-07-16,Stokes Hill,14.49875,12.661037563329597,1.8377124366704027
2024-07-17,Stokes Hill,28.5275,18.04498000904765,10.482519990952351
2024-07-18,Stokes Hill,28.874166666666667,22.34508186689861,6.529084799768057
2024-07-19,Stokes Hill,17.0,25.190198562022438,-8.190198562022438
2024-07-20,Stokes Hill,17.605416666666667,18.388695103065174,-0.7832784363985077
2024-07-21,Stokes Hill,18.13458333333333,18.55002972708273,-0.4154463937493986
2024-07-22,Stokes Hill,17.60142857142857,18.84980606944491,-1.248377498016339
2024-07-23,Stokes Hill,25.25208333333333,17.690339428891406,7.561743904441926
2024-07-24,Stokes Hill,19.141666666666666,20.29777898430632,-1.1561123176396535
2024-07-25,Stokes Hill,11.2725,16.67378714941323,-5.401287149413228
2024-07-26,Stokes Hill,13.685416666666669,11.33906292803404,2.3463537386326294
2024-07-27,Stokes Hill,17.975416666666664,11.715061196088755,6.26035547057791
2024-07-28,Stokes Hill,13.96,13.920877584225202,0.03912241577479847
2024-07-29,Stokes Hill,15.5425,13.694390503689185,1.8481094963108156
2024-07-30,Stokes Hill,10.322083333333332,14.71798278956333,-4.395899456229998
2024-07-31,Stokes Hill,11.523333333333332,12.217995620414355,-0.6946622870810231
2024-08-01,Stokes Hill,13.395833333333334,11.09939912429204,2.296434209041294
2024-08-02,Stokes Hill,9.993333333333334,12.714329608511575,-2.7209962751782406
2024-08-03,Stokes Hill,9.373333333333331,11.03223109542721,-1.6588977620938792
2024-08-04,Stokes Hill,8.947916666666666,10.248778897810704,-1.3008622311440377
2024-08-05,Stokes Hill,12.527083333333332,9.621928783366085,2.9051545499672464
2024-08-06,Stokes Hill,15.612083333333333,13.036235685406623,2.575847647926709
2024-08-07,Stokes Hill,19.53833333333333,16.15949114124973,3.3788421920835994
2024-08-08,Stokes Hill,13.9675,18.20491140032194,-4.237411400321941
2024-08-09,Stokes Hill,27.855833333333333,17.890323909164422,9.96550942416891
2024-08-10,Stokes Hill,22.365,21.913286492466867,0.4517135075331318
2024-08-11,Stokes Hill,12.939583333333331,21.990846091941883,-9.051262758608551
2024-08-12,Stokes Hill,17.0325,14.5109341041902,2.5215658958097986
2024-08-13,Stokes Hill,15.8225,14.510411698918926,1.312088301081074
2024-08-14,Stokes Hill,12.642083333333334,14.941390742985154,-2.2993074096518207
2024-08-15,Stokes Hill,18.4475,12.083669847447542,6.36383015255246
2024-08-16,Stokes Hill,17.457083333333333,16.323183185798914,1.133900147534419
2024-08-17,Stokes Hill,14.979166666666666,15.842167710075955,-0.8630010434092892
2024-08-18,Stokes Hill,11.463333333333331,14.264821988852324,-2.801488655518993
2024-08-19,Stokes Hill,9.952916666666669,11.36016401870366,-1.4072473520369915
2024-08-20,Stokes Hill,14.698333333333332,10.964219810569638,3.7341135227636943
2024-08-21,Stokes Hill,10.184166666666666,12.576426401532498,-2.3922597348658314
2024-08-22,Stokes Hill,10.844166666666666,10.201685499265949,0.6424811674007174
2024-08-23,Stokes Hill,7.154583333333334,10.442482386453735,-3.287899053120401
2024-08-24,Stokes Hill,8.91625,7.895794201480536,1.020455798519464
2024-08-25,Stokes Hill,12.095416666666669,8.34059365127386,3.754823015392809
2024-08-26,Stokes Hill,21.68166666666667,12.486005987066326,9.195660679600342
2024-08-27,Stokes Hill,10.375833333333334,15.850989134233771,-5.475155800900437
2024-08-28,Stokes Hill,8.391,12.941841374548055,-4.550841374548055
2024-08-29,Stokes Hill,7.434166666666666,9.674754027327328,-2.240587360660662
2024-08-30,Stokes Hill,8.24625,8.675937414923018,-0.4296874149230181
2024-08-31,Stokes Hill,7.77875,8.40569077547365,-0.62694077547365
2024-09-01,Stokes Hill,10.677916666666668,9.135488935857339,1.5424277308093295
2024-09-05,Stokes Hill,8.559583333333334,7.59995083968658,0.9596324936467546
2024-09-06,Stokes Hill,7.567916666666666,8.646795739036007,-1.0788790723693404
2024-09-07,Stokes Hill,21.74708333333333,9.040430346846502,12.706652986486827
2024-09-08,Stokes Hill,8.012500000000001,14.81493000911787,-6.802430009117868
2024-09-09,Stokes Hill,9.034583333333334,12.97661177964766,-3.9420284463143265
2024-09-10,Stokes Hill,11.70875,10.603727356038092,1.1050226439619077
2024-09-11,Stokes Hill,9.110833333333334,10.76637540313317,-1.6555420697998358
2024-09-12,Stokes Hill,9.095,11.169838726636343,-2.074838726636342
2024-09-13,Stokes Hill,16.87,10.245885648424036,6.624114351575965
2024-09-14,Stokes Hill,15.3775,14.872013472354332,0.505486527645667
2024-09-15,Stokes Hill,12.623333333333331,14.990833045603303,-2.3674997122699715
2024-09-16,Stokes Hill,6.977368421052631,12.036996804783303,-5.059628383730672
2024-09-17,Stokes Hill,3.939583333333333,7.538820863984203,-3.5992375306508695
2024-09-18,Stokes Hill,3.905416666666667,6.101122258118588,-2.195705591451921
2024-09-19,Stokes Hill,6.1241666666666665,5.107500577200998,1.0166660894656685
2024-09-20,Stokes Hill,3.105833333333333,6.605549353648625,-3.499716020315292
2024-09-21,Stokes Hill,4.189583333333333,4.705368799856923,-0.5157854665235897
2024-09-22,Stokes Hill,8.085833333333333,5.295596390928738,2.7902369424045954
2024-09-23,Stokes Hill,5.590833333333333,7.808469258084262,-2.2176359247509287
2024-09-24,Stokes Hill,6.690416666666667,6.987179198698476,-0.296762532031809
2024-09-25,Stokes Hill,6.6675,7.198344309001862,-0.5308443090018615
2024-09-26,Stokes Hill,10.777083333333332,7.275488174256061,3.5015951590772705
2024-09-27,Stokes Hill,9.760416666666666,8.893693905965506,0.86672276070116
2024-09-28,Stokes Hill,10.3175,9.204148880953278,1.1133511190467225
2024-09-29,Stokes Hill,11.63625,9.1543877932709,2.481862206729101
2024-09-30,Stokes Hill,14.959166666666668,11.346264110690699,3.6129025559759693
2024-10-01,Stokes Hill,12.95125,12.614610427177148,0.3366395728228522
2024-10-02,Stokes Hill,9.829166666666667,13.37310366511076,-3.5439369984440923
2024-10-03,Stokes Hill,11.330416666666666,9.849836989353228,1.4805796773134379
2024-10-04,Stokes Hill,11.437916666666666,10.649878283388738,0.7880383832779287
2024-10-05,Stokes Hill,12.625833333333333,10.8469193169331,1.7789140164002326
2024-10-06,Stokes Hill,10.965714285714286,11.67794123196801,-0.7122269462537236
2024-10-07,Stokes Hill,9.485833333333334,11.096088557228937,-1.610255223895603
2024-10-08,Stokes Hill,9.997083333333334,8.658554086803576,1.3385292465297578
2024-10-09,Stokes Hill,11.500833333333333,9.442026089353899,2.058807243979434
2024-10-10,Stokes Hill,15.930416666666666,10.264188154584707,5.666228512081959
2024-10-11,Stokes Hill,17.96625,13.261333448997261,4.7049165510027375
2024-10-12,Stokes Hill,9.565416666666666,14.804848845485285,-5.239432178818619
2024-10-13,Stokes Hill,12.13125,10.129941002158672,2.0013089978413277
2024-10-14,Stokes Hill,10.359166666666669,10.427733635750576,-0.06856696908390703
2024-10-15,Stokes Hill,12.15,9.266339589118802,2.8836604108811983
2024-10-16,Stokes Hill,9.33125,9.029162089507532,0.3020879104924692
2024-10-17,Stokes Hill,7.452916666666667,9.268660366874473,-1.8157437002078058
2024-10-18,Stokes Hill,8.31,7.704902059056641,0.6050979409433594
2024-10-19,Stokes Hill,7.055,8.215577095092675,-1.160577095092675
2024-10-20,Stokes Hill,4.622916666666667,7.138435617292476,-2.5155189506258093
2024-10-21,Stokes Hill,6.118333333333333,5.4184572361898145,0.6998760971435187
2024-10-22,Stokes Hill,6.560833333333334,6.121419496786361,0.4394138365469731
2024-10-23,Stokes Hill,8.321250000000001,6.373488774154283,1.947761225845718
2024-10-24,Stokes Hill,7.492916666666667,7.8075380585407315,-0.31462139187406457
2024-10-25,Stokes Hill,10.7925,7.1440178665870855,3.648482133412915
2024-10-26,Stokes Hill,7.499166666666666,8.888397644269297,-1.3892309776026313
2024-10-27,Stokes Hill,7.85625,7.575003103022661,0.28124689697733896
2024-10-28,Stokes Hill,7.058333333333334,7.62395663110175,-0.5656232977684166
2024-10-29,Stokes Hill,4.027083333333334,6.91109191667589,-2.884008583342556
2024-10-30,Stokes Hill,3.549583333333333,4.67474921963586,-1.125165886302527
2024-10-31,Stokes Hill,4.527916666666667,4.265541603360223,0.2623750633064441
2024-11-01,Stokes Hill,4.39,4.566102015862858,-0.1761020158628579
2024-11-02,Stokes Hill,5.4070833333333335,4.518225371223562,0.8888579621097712
2024-11-03,Stokes Hill,7.14047619047619,5.4649949761232,1.67548121435299
2024-11-04,Stokes Hill,8.892916666666666,6.611353365221751,2.2815633014449155
2024-11-05,Stokes Hill,9.535833333333334,7.967188528725532,1.5686448046078025
2024-11-06,Stokes Hill,4.587083333333333,8.641590480903174,-4.054507147569841
2024-11-07,Stokes Hill,6.81,5.290051496705614,1.519948503294386
2024-11-08,Stokes Hill,7.365833333333334,5.731956249159186,1.6338770841741477
2024-11-09,Stokes Hill,11.839166666666666,7.59689378430904,4.242272882357626
2024-11-10,Stokes Hill,8.71375,9.376619800333575,-0.662869800333576
2024-11-11,Stokes Hill,10.713333333333331,8.918709989362162,1.7946233439711694
2024-11-12,Stokes Hill,8.552083333333334,9.223726448035833,-0.6716431147024995
2024-11-13,Stokes Hill,8.667083333333332,8.03652269259995,0.6305606407333819
2024-11-14,Stokes Hill,9.8075,7.357765107410175,2.4497348925898246
2024-11-15,Stokes Hill,9.20625,8.536214162454817,0.6700358375451838
2024-11-16,Stokes Hill,8.334999999999999,8.055621400491033,0.2793785995089664
2024-11-17,Stokes Hill,7.195833333333333,7.461276401321548,-0.2654430679882154
2024-11-18,Stokes Hill,10.056666666666668,6.601866512070398,3.4548001545962705
2024-11-19,Stokes Hill,8.696666666666667,7.9013810892947705,0.7952855773718968
2024-11-20,Stokes Hill,7.988333333333333,7.744502023471091,0.24383130986224266
2024-11-21,Stokes Hill,5.925416666666667,6.729925259222439,-0.8045085925557718
2024-11-22,Stokes Hill,7.19875,5.431849896870255,1.7669001031297453
2024-11-23,Stokes Hill,5.923750000000001,5.86222799876032,0.06152200123968132
2024-11-24,Stokes Hill,5.895833333333333,5.420425163467628,0.47540816986570533
2024-11-25,Stokes Hill,5.4175,5.14815355958263,0.26934644041737066
2024-11-26,Stokes Hill,4.465,4.788266614229963,-0.32326661422996317
2024-11-27,Stokes Hill,5.601666666666667,4.2654716671904005,1.336194999476266
2024-11-28,Stokes Hill,6.1875,4.428341121624621,1.7591588783753789
2024-11-29,Stokes Hill,5.339583333333334,5.132438848086144,0.20714448524718954
2024-11-30,Stokes Hill,4.154166666666667,4.746874916840431,-0.5927082501737644
2024-12-01,Stokes Hill,6.0320833333333335,3.50021313592434,2.5318701974089937
2024-12-02,Stokes Hill,5.421250000000001,4.288649922442731,1.13260007755727
2024-12-03,Stokes Hill,5.12125,4.374447317655713,0.7468026823442866
2024-12-04,Stokes Hill,4.070833333333334,4.054943561677117,0.015889771656216745
2024-12-05,Stokes Hill,4.1475,3.357563480415952,0.7899365195840478
2024-12-06,Stokes Hill,4.035833333333334,3.33665331502264,0.6991800183106935
2024-12-07,Stokes Hill,2.3820833333333336,2.994937065841582,-0.6128537325082486
2024-12-08,Stokes Hill,2.1095833333333336,1.9728206520236693,0.1367626813096643
2024-12-09,Stokes Hill,3.69375,1.9927459804496266,1.7010040195503735
2024-12-10,Stokes Hill,3.8726086956521737,2.891633343389329,0.9809753522628446
2024-12-11,Stokes Hill,2.6641666666666666,3.3389767099990992,-0.6748100433324327
2024-12-12,Stokes Hill,4.3725,2.3379118567027914,2.034588143297208
2024-12-13,Stokes Hill,4.247083333333333,2.8980392361175875,1.3490440972157458
2024-12-14,Stokes Hill,4.35125,3.0544439638875707,1.2968060361124296
2024-12-15,Stokes Hill,4.279166666666667,3.3042442798132443,0.9749223868534225
2024-12-16,Stokes Hill,5.227142857142857,3.1637212873986877,2.063421569744169
2024-12-17,Stokes Hill,5.630416666666666,3.4628393025846425,2.1675773640820237
2024-12-18,Stokes Hill,5.600833333333334,3.955885295699974,1.6449480376333598
2024-12-19,Stokes Hill,5.210833333333333,4.352286731152053,0.8585466021812804
2024-12-20,Stokes Hill,4.409583333333333,4.248194198887191,0.161389134446142
2024-12-21,Stokes Hill,5.224166666666666,3.95393873890544,1.2702279277612263
2024-12-22,Stokes Hill,4.852916666666666,3.777485871738519,1.0754307949281472
2024-12-23,Stokes Hill,5.2387500000000005,3.9418755182500247,1.2968744817499758
2024-12-24,Stokes Hill,4.681666666666667,4.542314345365148,0.13935232130151842
2024-12-25,Stokes Hill,6.397916666666667,4.054889208547342,2.343027458119325
2024-12-26,Stokes Hill,6.853333333333333,4.989919254656585,1.8634140786767475
2024-12-27,Stokes Hill,7.023333333333333,5.614844214971024,1.4084891183623096
2024-12-28,Stokes Hill,5.688333333333333,5.846082895395016,-0.15774956206168333
2024-12-29,Stokes Hill,4.593333333333333,5.2924187298707315,-0.6990853965373987
2024-12-30,Stokes Hill,5.5495833333333335,4.417193441166751,1.1323898921665823
2024-01-03,Winnellie,6.080416666666667,6.107690459773613,-0.027273793106945554
2024-01-04,Winnellie,6.271249999999999,5.9755788283209625,0.2956711716790368
2024-01-05,Winnellie,4.482916666666667,5.45126914233762,-0.9683524756709527
2024-01-06,Winnellie,3.3662499999999995,4.605279901712988,-1.2390299017129887
2024-01-07,Winnellie,3.21375,3.5073795098832683,-0.2936295098832682
2024-01-08,Winnellie,2.2970833333333336,3.2864674260974587,-0.9893840927641251
2024-01-09,Winnellie,1.75,2.295193421038473,-0.5451934210384728
2024-01-15,Winnellie,7.080454545454546,6.107690459773613,0.9727640856809332
2024-01-16,Winnellie,7.572916666666667,5.217504956543894,2.355411710122773
2024-01-17,Winnellie,6.63,5.981237979942216,0.6487620200577835
2024-01-22,Winnellie,11.959583333333333,6.107690459773613,5.85189287355972
2024-01-23,Winnellie,5.43125,8.301302631328989,-2.8700526313289885
2024-01-24,Winnellie,4.495833333333334,5.059495184874134,-0.5636618515408003
2024-01-25,Winnellie,3.814583333333333,3.183553082339156,0.6310302509941774
2024-01-29,Winnellie,2.117083333333333,6.107690459773613,-3.99060712644028
2024-01-30,Winnellie,4.46,1.982756647730243,2.477243352269757
2024-01-31,Winnellie,4.317083333333334,3.0223219137917745,1.294761419541559
2024-02-01,Winnellie,6.431666666666668,3.471445830590378,2.9602208360762905
2024-02-02,Winnellie,6.508333333333333,4.679988866220715,1.8283444671126174
2024-02-06,Winnellie,5.609166666666667,6.023264925592525,-0.4140982589258577
2024-02-07,Winnellie,2.605909090909091,4.645905619049648,-2.039996528140557
2024-02-08,Winnellie,3.279583333333333,3.082270102528258,0.1973132308050749
2024-02-09,Winnellie,2.8725,3.1142195451181633,-0.2417195451181633
2024-02-10,Winnellie,2.2475,3.0158050450100866,-0.7683050450100866
2024-02-17,Winnellie,5.167083333333333,6.023264925592525,-0.8561815922591913
2024-02-18,Winnellie,4.352727272727273,3.979173429059016,0.3735538436682564
2024-02-19,Winnellie,4.005416666666666,3.6706987073668342,0.33471795929983195
2024-02-20,Winnellie,7.957777777777778,3.415673379243228,4.54210439853455
2024-02-22,Winnellie,8.654583333333333,6.2856377310460365,2.3689456022872966
2024-02-23,Winnellie,5.735,6.625076497898812,-0.8900764978988116
2024-02-24,Winnellie,5.222083333333333,4.867900536457493,0.35418279687583976
2024-02-25,Winnellie,2.1179166666666664,4.055098362186802,-1.937181695520136
2024-02-26,Winnellie,2.3790909090909094,2.0617819284902,0.3173089806007092
2024-02-27,Winnellie,2.7329166666666667,2.0867973937531534,0.6461192729135132
2024-02-28,Winnellie,4.64,2.7216832551201575,1.9183167448798422
2024-02-29,Winnellie,3.9779166666666663,4.156077334030736,-0.17816066736406988
2024-03-01,Winnellie,6.042083333333333,3.8921469432890303,2.149936390044303
2024-03-02,Winnellie,5.374583333333334,4.773933524417659,0.6006498089156747
2024-03-06,Winnellie,0.6847826086956522,6.15453981629499,-5.469757207599337
2024-03-07,Winnellie,2.2904166666666668,1.371175365791049,0.9192413008756177
2024-03-08,Winnellie,1.7845833333333332,1.6068787030918097,0.1777046302415235
2024-03-09,Winnellie,1.8158333333333327,1.7541040849276763,0.06172924840565641
2024-03-10,Winnellie,0.76125,1.84790381271742,-1.0866538127174201
2024-03-11,Winnellie,1.1145833333333333,1.2378705750513603,-0.12328724171802707
2024-03-12,Winnellie,0.63625,1.3074505938821552,-0.6712005938821552
2024-03-13,Winnellie,1.11,1.2572974698024009,-0.14729746980240077
2024-03-14,Winnellie,2.973333333333333,1.07048677574993,1.9028465575834033
2024-03-15,Winnellie,5.014736842105263,2.029873258235434,2.9848635838698288
2024-03-18,Winnellie,6.270416666666667,6.15453981629499,0.11587685037167716
2024-03-19,Winnellie,4.860869565217391,5.539564935750553,-0.6786953705331618
2024-03-26,Winnellie,7.359999999999999,6.15453981629499,1.2054601837050098
2024-03-27,Winnellie,2.78,5.863092429169894,-3.0830924291698945
2024-03-28,Winnellie,4.4225,3.739467374351687,0.6830326256483135
2024-03-29,Winnellie,5.2175,3.765101267372562,1.4523987326274383
2024-03-30,Winnellie,3.8554166666666663,4.186596198021096,-0.3311795313544299
2024-03-31,Winnellie,3.64125,3.979087729096073,-0.33783772909607324
2024-04-01,Winnellie,4.18,4.2781991744044126,-0.09819917440441284
2024-04-02,Winnellie,4.37375,4.512285032595336,-0.1385350325953354
2024-04-03,Winnellie,4.210416666666666,4.8098757469247575,-0.5994590802580912
2024-04-04,Winnellie,7.733333333333333,4.840859820742668,2.8924735125906658
2024-04-05,Winnellie,8.33375,7.309541498368647,1.0242085016313531
2024-04-06,Winnellie,6.935833333333334,8.48000020484324,-1.5441668715099057
2024-04-07,Winnellie,7.250833333333333,7.525792237062812,-0.2749589037294795
2024-04-08,Winnellie,8.566666666666666,8.125622171743899,0.4410444949227674
2024-04-09,Winnellie,8.984583333333333,9.023360460007384,-0.03877712667405042
2024-04-10,Winnellie,10.98375,9.89596593605816,1.0877840639418412
2024-04-11,Winnellie,5.8675,11.413370748336462,-5.545870748336462
2024-04-12,Winnellie,6.1575,7.253766556415981,-1.0962665564159808
2024-04-13,Winnellie,5.5183333333333335,6.807804984293727,-1.2894716509603938
2024-04-14,Winnellie,5.71375,6.486071311668828,-0.7723213116688283
2024-04-15,Winnellie,5.397083333333334,6.475687612658268,-1.0786042793249342
2024-04-16,Winnellie,4.325833333333333,6.515162652738291,-2.1893293194049583
2024-04-17,Winnellie,2.696818181818182,5.9221154084380805,-3.2252972266198987
2024-04-18,Winnellie,6.950833333333333,4.416991015997098,2.5338423173362346
2024-04-19,Winnellie,7.600416666666667,6.824831740835037,0.7755849258316294
2024-04-20,Winnellie,7.64375,8.769675558401891,-1.1259255584018915
2024-04-24,Winnellie,4.047083333333333,6.53586033801731,-2.4887770046839766
2024-04-25,Winnellie,4.4279166666666665,5.590953042353576,-1.163036375686909
2024-04-26,Winnellie,8.422916666666667,6.0525391273554385,2.370377539311229
2024-04-27,Winnellie,10.940416666666666,9.320677888539494,1.6197387781271715
2024-04-28,Winnellie,9.400416666666668,12.64415341899521,-3.243736752328541
2024-04-29,Winnellie,6.8,10.682284370100998,-3.882284370100998
2024-04-30,Winnellie,5.484999999999999,8.563988712464438,-3.0789887124644384
2024-05-01,Winnellie,6.395833333333333,7.262225671107444,-0.8663923377741112
2024-05-02,Winnellie,7.85,8.893605701362809,-1.043605701362809
2024-05-03,Winnellie,7.777083333333334,9.66174858949505,-1.8846652561617159
2024-05-04,Winnellie,13.345,9.596583538616407,3.7484164613835933
2024-05-05,Winnellie,8.562000000000001,9.441854461978629,-0.8798544619786277
2024-05-06,Winnellie,9.218333333333334,11.961579874856623,-2.7432465415232894
2024-05-07,Winnellie,9.75625,10.770753723356638,-1.014503723356638
2024-05-08,Winnellie,8.572083333333333,11.402740596740944,-2.830657263407611
2024-05-09,Winnellie,12.36,9.684965528945533,2.6750344710544667
2024-05-10,Winnellie,30.0625,10.701765297236536,19.360734702763466
2024-05-11,Winnellie,15.364583333333334,17.756302547718803,-2.3917192143854695
2024-05-12,Winnellie,11.62625,16.924422760158954,-5.298172760158954
2024-05-13,Winnellie,11.530416666666667,12.158590500025689,-0.6281738333590212
2024-05-14,Winnellie,18.52,14.170485982941624,4.349514017058375
2024-05-15,Winnellie,18.707083333333333,18.81676066493625,-0.10967733160291715
2024-05-16,Winnellie,16.312916666666666,18.95661489474987,-2.6436982280832027
2024-05-17,Winnellie,16.65791666666667,15.258537197160955,1.399379469505714
2024-05-18,Winnellie,20.348333333333333,15.413969805550074,4.934363527783258
2024-05-19,Winnellie,21.385416666666668,20.60929519052904,0.7761214761376287
2024-05-20,Winnellie,24.81833333333333,23.797591366632936,1.0207419667003954
2024-05-21,Winnellie,28.9725,25.154289154399525,3.8182108456004755
2024-05-24,Winnellie,8.92625,7.32913691617059,1.5971130838294094
2024-05-25,Winnellie,9.184583333333334,9.88814686090551,-0.7035635275721752
2024-05-26,Winnellie,12.259583333333332,9.853767402895752,2.40581593043758
2024-05-27,Winnellie,15.8025,12.719205980601245,3.083294019398755
2024-05-28,Winnellie,9.025,13.018271468779478,-3.9932714687794775
2024-05-29,Winnellie,5.486666666666667,10.065174458027307,-4.57850779136064
2024-05-30,Winnellie,10.445833333333333,6.88097098223669,3.564862351096643
2024-05-31,Winnellie,13.197916666666666,8.418559397259015,4.779357269407651
2024-06-01,Winnellie,14.345416666666669,11.43471032596527,2.910706340701399
2024-06-02,Winnellie,9.834166666666668,12.778760461671553,-2.9445937950048844
2024-06-03,Winnellie,26.332083333333333,10.366100060136983,15.96598327319635
2024-06-04,Winnellie,13.465000000000002,18.144266000775282,-4.67926600077528
2024-06-05,Winnellie,9.79875,15.178168175546698,-5.379418175546698
2024-06-06,Winnellie,22.02916666666667,11.6937011612351,10.335465505431568
2024-06-07,Winnellie,32.455416666666665,14.413895896447873,18.041520770218792
2024-06-08,Winnellie,20.83,23.333498833114124,-2.5034988331141257
2024-06-09,Winnellie,15.619166666666668,19.721537481154634,-4.102370814487966
2024-06-10,Winnellie,13.637083333333337,13.860823591626854,-0.2237402582935175
2024-06-11,Winnellie,13.64625,11.72751802927983,1.9187319707201702
2024-06-12,Winnellie,18.95,13.257720529255138,5.692279470744861
2024-06-13,Winnellie,14.737083333333333,14.758349096502819,-0.021265763169486362
2024-06-14,Winnellie,19.8575,16.225388729629906,3.632111270370096
2024-06-15,Winnellie,19.125416666666663,18.384159100447505,0.7412575662191578
2024-06-18,Winnellie,20.121666666666663,8.414693943027613,11.70697272363905
2024-06-19,Winnellie,23.10125,16.86520158713842,6.236048412861582
2024-06-20,Winnellie,27.441666666666663,22.847416860517892,4.59424980614877
2024-06-21,Winnellie,21.234166666666667,24.46239928610686,-3.228232619440192
2024-06-22,Winnellie,14.002916666666666,22.05307879258558,-8.050162125918915
2024-06-23,Winnellie,17.795416666666668,17.40095514999976,0.3944615166669081
2024-06-24,Winnellie,27.2525,16.477170129374425,10.775329870625576
2024-06-25,Winnellie,26.421,23.92004888522628,2.50095111477372
2024-06-26,Winnellie,28.47958333333333,24.2728526204055,4.206730712927829
2024-06-27,Winnellie,18.171666666666667,19.391061235145244,-1.2193945684785774
2024-06-28,Winnellie,33.614583333333336,16.34405952280643,17.270523810526907
2024-06-29,Winnellie,13.7625,19.76362778473605,-6.0011277847360525
2024-06-30,Winnellie,10.625,15.971390594992183,-5.346390594992183
2024-07-01,Winnellie,14.085416666666667,11.472554747806246,2.612861918860421
2024-07-02,Winnellie,8.018749999999999,14.05860017875134,-6.03985017875134
2024-07-03,Winnellie,14.4825,12.654222437953178,1.8282775620468215
2024-07-04,Winnellie,12.248333333333331,17.624709323659072,-5.376375990325741
2024-07-05,Winnellie,25.03625,16.911278682646557,8.124971317353442
2024-07-06,Winnellie,19.2275,20.417592236320367,-1.1900922363203676
2024-07-07,Winnellie,10.09,19.932478315635347,-9.842478315635347
2024-07-08,Winnellie,7.92875,12.5415905890627,-4.6128405890627
2024-07-11,Winnellie,13.46625,7.635321424160979,5.830928575839022
2024-07-12,Winnellie,11.90375,12.209621253275234,-0.30587125327523346
2024-07-13,Winnellie,20.696666666666665,13.35975714242538,7.336909524241285
2024-07-14,Winnellie,15.283333333333331,17.89422070654762,-2.6108873732142897
2024-07-15,Winnellie,12.169166666666667,15.859437446593397,-3.6902707799267294
2024-07-16,Winnellie,23.364166666666662,12.002804611493731,11.36136205517293
2024-07-17,Winnellie,30.830416666666665,12.771803385370847,18.05861328129582
2024-07-18,Winnellie,22.879166666666663,26.85354293633504,-3.974376269668376
2024-07-19,Winnellie,18.954583333333336,21.171227004827443,-2.216643671494108
2024-07-20,Winnellie,28.971666666666664,20.204333151173646,8.767333515493018
2024-07-21,Winnellie,16.4345,20.28718049844631,-3.852680498446311
2024-07-22,Winnellie,19.166666666666668,21.089910197650767,-1.9232435309840987
2024-07-23,Winnellie,20.411666666666665,17.07629364291801,3.335373023748655
2024-07-24,Winnellie,16.881666666666664,17.841293047541324,-0.9596263808746599
2024-08-13,Winnellie,17.072916666666668,9.174518247219998,7.89839841944667
2024-08-14,Winnellie,13.429166666666667,15.070082763227031,-1.640916096560364
2024-08-15,Winnellie,17.82125,14.916600721166006,2.9046492788339933
2024-08-16,Winnellie,17.455833333333334,16.06557261290298,1.390260720430355
2024-08-17,Winnellie,13.744166666666668,17.41422337735904,-3.6700567106923714
2024-08-18,Winnellie,11.86,13.996086325193072,-2.136086325193073
2024-08-19,Winnellie,10.180416666666668,12.272284409054357,-2.0918677423876897
2024-08-20,Winnellie,12.486666666666666,11.216935273458224,1.269731393208442
2024-08-21,Winnellie,9.515416666666669,12.649366782641028,-3.1339501159743595
2024-08-22,Winnellie,9.893333333333333,10.687406515835956,-0.7940731825026237
2024-08-23,Winnellie,8.482083333333334,11.017352342095132,-2.535269008761798
2024-08-24,Winnellie,10.0075,9.883470223368706,0.12402977663129455
2024-08-25,Winnellie,11.047083333333331,10.704564097390794,0.34251923594253775
2024-08-27,Winnellie,8.518695652173914,9.105398333440823,-0.5867026812669085
2024-08-28,Winnellie,7.1025,10.54930694620794,-3.44680694620794
2024-08-29,Winnellie,5.570416666666667,10.486864590411455,-4.916447923744789
2024-08-30,Winnellie,6.635000000000001,7.730796648974521,-1.0957966489745203
2024-08-31,Winnellie,6.0200000000000005,8.021432601360246,-2.0014326013602455
2024-09-01,Winnellie,7.599166666666666,8.237085281537775,-0.6379186148711087
2024-09-02,Winnellie,7.545416666666667,8.975353069716732,-1.429936403050065
2024-09-03,Winnellie,8.622083333333334,9.970171971328492,-1.3480886379951578
2024-09-04,Winnellie,11.650416666666668,9.767619895565998,1.8827967711006703
2024-09-05,Winnellie,8.84,11.31361757414587,-2.4736175741458695
2024-09-06,Winnellie,7.638333333333333,11.017113889284815,-3.378780555951482
2024-09-07,Winnellie,23.07625,9.1532105334942,13.923039466505802
2024-09-08,Winnellie,9.048333333333334,18.7237577586779,-9.675424425344564
2024-09-09,Winnellie,7.600416666666667,13.964800344155794,-6.364383677489127
2024-09-12,Winnellie,12.0,9.251853251721874,2.748146748278126
2024-09-13,Winnellie,16.389583333333334,11.82940404253913,4.5601792907942045
2024-09-14,Winnellie,16.140833333333333,16.49253491567169,-0.35170158233835735
2024-09-15,Winnellie,13.827083333333334,15.658971613963947,-1.8318882806306132
2024-09-16,Winnellie,7.312083333333334,14.147104440819241,-6.8350211074859075
2024-09-17,Winnellie,6.230833333333333,9.014649553590335,-2.783816220257002
2024-09-18,Winnellie,3.967,8.835162029046513,-4.868162029046513
2024-09-19,Winnellie,6.925833333333333,6.664127502947945,0.2617058303853881
2024-09-20,Winnellie,4.61125,8.060005106284413,-3.4487551062844126
2024-09-21,Winnellie,5.58125,6.897533240061081,-1.3162832400610815
2024-09-22,Winnellie,7.693333333333332,7.464688193780445,0.2286451395528868
2024-09-23,Winnellie,6.425833333333333,8.590986293028358,-2.1651529596950247
2024-09-24,Winnellie,7.572083333333334,8.481777212252615,-0.9096938789192803
2024-09-25,Winnellie,7.649583333333333,8.873715385591746,-1.2241320522584127
2024-09-26,Winnellie,10.5225,9.129531578784814,1.392968421215187
2024-09-27,Winnellie,9.448333333333332,10.333132905716063,-0.8847995723827307
2024-09-28,Winnellie,12.434583333333334,9.743735082558711,2.690848250774623
2024-09-29,Winnellie,12.711666666666666,10.98090695523098,1.7307597114356863
2024-09-30,Winnellie,14.55625,13.673480617082744,0.8827693829172567
2024-10-01,Winnellie,15.29125,13.746109624942864,1.5451403750571355
2024-10-02,Winnellie,12.020416666666668,15.940608902430732,-3.9201922357640644
2024-10-03,Winnellie,11.352916666666667,12.723802206018913,-1.3708855393522459
2024-10-04,Winnellie,12.516666666666666,11.855192595273643,0.6614740713930232
2024-10-05,Winnellie,13.344583333333333,12.60595571708206,0.7386276162512733
2024-10-06,Winnellie,11.990833333333333,13.145618962685457,-1.1547856293521246
2024-10-07,Winnellie,11.3575,13.367461854460917,-2.009961854460917
2024-10-08,Winnellie,11.274583333333332,10.895664330476986,0.37891900285634605
2024-10-09,Winnellie,11.247142857142856,11.563337119421368,-0.3161942622785112
2024-10-10,Winnellie,15.59625,11.172523723870611,4.423726276129388
2024-10-11,Winnellie,15.8725,14.13879322685101,1.73370677314899
2024-10-12,Winnellie,9.642083333333334,14.538224062951038,-4.896140729617704
2024-10-13,Winnellie,12.457083333333337,11.165650875617704,1.2914324577156329
2024-10-14,Winnellie,10.523333333333332,11.597673860503969,-1.0743405271706372
2024-10-15,Winnellie,11.657916666666669,10.763845844474632,0.8940708221920364
2024-10-16,Winnellie,10.915,10.447453052286912,0.46754694771308714
2024-10-17,Winnellie,8.28,10.771827789665412,-2.491827789665413
2024-10-18,Winnellie,10.359583333333331,9.454147905937527,0.9054354273958047
2024-10-19,Winnellie,8.159166666666666,10.276391008812073,-2.1172243421454073
2024-10-20,Winnellie,6.660000000000001,9.223103794360238,-2.563103794360237
2024-10-21,Winnellie,8.2525,7.899416322384238,0.35308367761576154
2024-10-22,Winnellie,8.936666666666666,8.695995805167215,0.24067086149945105
2024-10-23,Winnellie,9.242916666666668,8.990700542852958,0.25221612381371017
2024-10-24,Winnellie,9.057916666666667,9.904965325956349,-0.8470486592896815
2024-10-25,Winnellie,11.179166666666667,8.999030062974326,2.1801366036923415
2024-10-26,Winnellie,9.806666666666668,10.563097558533526,-0.7564308918668576
2024-10-27,Winnellie,10.83375,10.295807762494867,0.537942237505133
2024-10-28,Winnellie,9.75375,10.6292997021834,-0.8755497021834007
2024-10-29,Winnellie,5.745416666666667,9.927399701122754,-4.181983034456087
2024-10-30,Winnellie,6.774166666666667,7.395301803693059,-0.6211351370263918
2024-10-31,Winnellie,5.9725,7.435390163189949,-1.4628901631899485
2024-11-01,Winnellie,5.733333333333333,6.450516557023593,-0.7171832236902596
2024-11-02,Winnellie,8.168750000000001,6.401742348845386,1.767007651154615
2024-11-03,Winnellie,9.092916666666666,8.003124714790419,1.0897919518762471
2024-11-04,Winnellie,8.661904761904761,8.828898623721019,-0.1669938618162572
2024-11-05,Winnellie,5.586666666666667,9.072417038800461,-3.4857503721337944
2024-11-06,Winnellie,2.715,6.739660982710298,-4.024660982710298
2024-11-07,Winnellie,4.7250000000000005,4.530820665837832,0.19417933416216826
2024-11-08,Winnellie,5.522083333333334,5.567041183821251,-0.04495785048791756
2024-11-09,Winnellie,8.495416666666666,8.068511914188573,0.4269047524780927
2024-11-10,Winnellie,6.897083333333334,9.371754626360495,-2.4746712930271615
2024-11-11,Winnellie,8.553333333333333,8.368815665239739,0.18451766809359427
2024-11-12,Winnellie,6.972727272727273,8.951490759582692,-1.978763486855419
2024-11-14,Winnellie,7.789166666666667,6.32257208876011,1.466594577906557
2024-11-15,Winnellie,7.58590909090909,8.025568949995062,-0.43965985908597194
2024-11-16,Winnellie,5.5058333333333325,8.057641071249861,-2.551807737916529
2024-11-17,Winnellie,6.163333333333334,6.621736272774112,-0.45840293944077803
2024-11-18,Winnellie,11.159583333333332,6.401210582082724,4.758372751250608
2024-11-19,Winnellie,7.922916666666667,9.068838013244171,-1.1459213465775049
2024-11-20,Winnellie,8.683333333333334,8.354305365806207,0.3290279675271268
2024-11-21,Winnellie,5.760000000000001,7.945244553043785,-2.185244553043784
2024-11-22,Winnellie,7.089583333333334,5.984591407584871,1.1049919257484628
2024-11-23,Winnellie,6.9383333333333335,6.1689767104149595,0.7693566229183739
2024-11-24,Winnellie,6.146666666666667,6.417908835434602,-0.2712421687679347
2024-11-25,Winnellie,5.425416666666667,6.308715590943567,-0.8832989242769003
2024-11-26,Winnellie,4.573333333333333,5.331561425080768,-0.7582280917474344
2024-11-27,Winnellie,4.765416666666667,5.837567284052225,-1.0721506173855584
2024-11-28,Winnellie,7.327916666666667,5.879441003796149,1.4484756628705178
2024-11-29,Winnellie,6.72375,7.467365550414294,-0.7436155504142938
2024-11-30,Winnellie,2.8204166666666666,6.529851756929336,-3.7094350902626694
2024-12-01,Winnellie,5.1120833333333335,3.8253035050993605,1.286779828233973
2024-12-02,Winnellie,4.506190476190476,4.465214185170467,0.04097629102000866
2024-12-03,Winnellie,5.87375,4.259836236913172,1.6139137630868285
2024-12-04,Winnellie,4.01875,5.199811827670278,-1.1810618276702778
2024-12-05,Winnellie,5.09,4.424071821204612,0.6659281787953875
2024-12-06,Winnellie,4.66,4.952419817673304,-0.29241981767330394
2024-12-07,Winnellie,1.99,4.631718453989625,-2.6417184539896246
2024-12-08,Winnellie,2.4620833333333336,3.0892232924693666,-0.6271399591360329
2024-12-09,Winnellie,3.1420833333333333,3.688737880045079,-0.5466545467117458
2024-12-10,Winnellie,3.4762500000000003,4.305473972502673,-0.8292239725026729
2024-12-11,Winnellie,3.6520833333333336,4.4348760591990155,-0.7827927258656819
2024-12-12,Winnellie,6.009166666666666,3.7556398970066835,2.2535267696599828
2024-12-13,Winnellie,4.407916666666667,4.964509245119429,-0.5565925784527623
2024-12-14,Winnellie,3.9779166666666663,4.0438160651262445,-0.06589939845957815
2024-12-15,Winnellie,2.52,4.013288500845091,-1.493288500845091
2024-12-16,Winnellie,4.642272727272727,2.9570538075802366,1.68521891969249
2024-12-17,Winnellie,4.992500000000001,3.6807055455077373,1.3117944544922633
2024-12-18,Winnellie,6.012083333333333,5.028888268594179,0.9831950647391539
2024-12-19,Winnellie,5.043333333333333,5.567729926955435,-0.524396593622102
2024-12-20,Winnellie,3.466666666666667,5.979216995884231,-2.5125503292175644
2024-12-21,Winnellie,4.58875,4.617574917492576,-0.02882491749257632
2024-12-22,Winnellie,4.210833333333333,3.9230593807369294,0.28777395259640404
2024-12-23,Winnellie,2.8675,4.242537567839858,-1.375037567839858
2024-12-24,Winnellie,4.3775,3.7553325267509274,0.622167473249073
2024-12-25,Winnellie,4.841666666666667,4.952851231952546,-0.11118456528587917
2024-12-26,Winnellie,6.12625,4.621146990380879,1.5051030096191207
2024-12-27,Winnellie,4.996666666666667,5.431551213575375,-0.4348845469087079
2024-12-28,Winnellie,4.338333333333334,5.901872151083669,-1.5635388177503353
2024-12-29,Winnellie,2.74875,5.272626878065592,-2.523876878065592
2024-12-30,Winnellie,1.8170833333333332,3.7450216643424357,-1.9279383310091025
